species,decimalLatitude,decimalLongitude,eventDate,country,stateProvince,basisOfRecord,wc2.1_10m_bio_1,wc2.1_10m_bio_2,wc2.1_10m_bio_3,wc2.1_10m_bio_4,wc2.1_10m_bio_5,wc2.1_10m_bio_6,wc2.1_10m_bio_7,wc2.1_10m_bio_8,wc2.1_10m_bio_9,wc2.1_10m_bio_10,wc2.1_10m_bio_11,wc2.1_10m_bio_12,wc2.1_10m_bio_13,wc2.1_10m_bio_14,wc2.1_10m_bio_15,wc2.1_10m_bio_16,wc2.1_10m_bio_17,wc2.1_10m_bio_18,wc2.1_10m_bio_19,presence
Prosopis cineraria,26.85989,74.039692,2026-01-17T14:21,India,Rajasthan,HUMAN_OBSERVATION,25.898521423339844,14.846416473388672,43.16038513183594,652.60809326171875,41.204498291015625,6.806250095367432,34.39824676513672,29.927623748779297,24.146041870117188,33.008541107177734,16.871875762939453,361,129,1,150.75123596191406,301,9,165,11,1
Prosopis cineraria,26.878703,74.021102,2026-01-17T14:17,India,Rajasthan,HUMAN_OBSERVATION,25.898521423339844,14.846416473388672,43.16038513183594,652.60809326171875,41.204498291015625,6.806250095367432,34.39824676513672,29.927623748779297,24.146041870117188,33.008541107177734,16.871875762939453,361,129,1,150.75123596191406,301,9,165,11,1
Prosopis cineraria,26.90837,73.985637,2026-01-17T14:15,India,Rajasthan,HUMAN_OBSERVATION,25.79961395263672,14.148895263671875,41.74361801147461,659.07183837890625,41.06050109863281,7.165750026702881,33.894752502441406,29.816415786743164,17.791292190551758,32.93787384033203,16.65137481689453,358,131,1,150.7122344970703,297,9,168,12,1
Prosopis cineraria,24.890048,55.432716,2026-01-10T16:34:35,United Arab Emirates,Dubay,HUMAN_OBSERVATION,27.504228591918945,13.845749855041504,46.51063537597656,625.643310546875,41.969749450683594,12.200750350952148,29.768999099731445,20.294584274291992,32.33150100708008,34.69612503051758,19.434125900268555,124,37,2,100.55680084228516,77,7,11,61,1
Prosopis cineraria,24.876153,55.577988,2026-01-08T15:59:37,United Arab Emirates,Dubay,HUMAN_OBSERVATION,27.351686477661133,13.971208572387695,46.78003692626953,626.04779052734375,41.79874801635742,11.932999610900879,29.86574935913086,20.15341567993164,32.04683303833008,34.54708480834961,19.266332626342773,140,39,2,94.3973159790039,84,10,14,66,1
Prosopis cineraria,25.094083,72.197328,2026-01-22T13:55:39,India,Rajasthan,HUMAN_OBSERVATION,27.20885467529297,14.647541046142578,45.238128662109375,532.3148193359375,42.24150085449219,9.862750053405762,32.37874984741211,29.472166061401367,26.51354217529297,33.30154037475586,19.921167373657227,364,141,1,157.98434448242188,317,5,30,5,1
Prosopis cineraria,26.719688,70.595438,2026-01-12T16:19,India,Rajasthan,HUMAN_OBSERVATION,27.09835433959961,15.895042419433594,45.34412384033203,636.39129638671875,42.532249450683594,7.478000164031982,35.05424880981445,31.35587501525879,19.087541580200195,33.64058303833008,18.065208435058594,183,72,1,161.3525390625,158,4,82,4,1
Prosopis cineraria,26.719688,70.595438,2026-01-12T16:19,India,Rajasthan,HUMAN_OBSERVATION,27.09835433959961,15.895042419433594,45.34412384033203,636.39129638671875,42.532249450683594,7.478000164031982,35.05424880981445,31.35587501525879,19.087541580200195,33.64058303833008,18.065208435058594,183,72,1,161.3525390625,158,4,82,4,1
Prosopis cineraria,26.719688,70.595438,2026-01-12T16:19,India,Rajasthan,HUMAN_OBSERVATION,27.09835433959961,15.895042419433594,45.34412384033203,636.39129638671875,42.532249450683594,7.478000164031982,35.05424880981445,31.35587501525879,19.087541580200195,33.64058303833008,18.065208435058594,183,72,1,161.3525390625,158,4,82,4,1
Prosopis cineraria,26.719688,70.595438,2026-01-12T16:19,India,Rajasthan,HUMAN_OBSERVATION,27.09835433959961,15.895042419433594,45.34412384033203,636.39129638671875,42.532249450683594,7.478000164031982,35.05424880981445,31.35587501525879,19.087541580200195,33.64058303833008,18.065208435058594,183,72,1,161.3525390625,158,4,82,4,1
Prosopis cineraria,26.719688,70.595438,2026-01-12T16:19,India,Rajasthan,HUMAN_OBSERVATION,27.09835433959961,15.895042419433594,45.34412384033203,636.39129638671875,42.532249450683594,7.478000164031982,35.05424880981445,31.35587501525879,19.087541580200195,33.64058303833008,18.065208435058594,183,72,1,161.3525390625,158,4,82,4,1
Prosopis cineraria,26.719688,70.595438,2026-01-12T16:19,India,Rajasthan,HUMAN_OBSERVATION,27.09835433959961,15.895042419433594,45.34412384033203,636.39129638671875,42.532249450683594,7.478000164031982,35.05424880981445,31.35587501525879,19.087541580200195,33.64058303833008,18.065208435058594,183,72,1,161.3525390625,158,4,82,4,1
Prosopis cineraria,26.719688,70.595438,2026-01-12T16:19,India,Rajasthan,HUMAN_OBSERVATION,27.09835433959961,15.895042419433594,45.34412384033203,636.39129638671875,42.532249450683594,7.478000164031982,35.05424880981445,31.35587501525879,19.087541580200195,33.64058303833008,18.065208435058594,183,72,1,161.3525390625,158,4,82,4,1
Prosopis cineraria,25.296671,75.940518,2026-02-08T11:43,India,Rajasthan,HUMAN_OBSERVATION,26.40681266784668,12.712750434875488,38.51239776611328,621.822998046875,42.78125,9.771750450134277,33.009498596191406,28.923458099365234,25.294374465942383,33.736915588378906,18.01150131225586,719,257,3,157.79811096191406,616,10,69,13,1
Prosopis cineraria,24.83751,55.381858,2026-02-22T17:19,United Arab Emirates,Dubay,HUMAN_OBSERVATION,27.504228591918945,13.845749855041504,46.51063537597656,625.643310546875,41.969749450683594,12.200750350952148,29.768999099731445,20.294584274291992,32.33150100708008,34.69612503051758,19.434125900268555,124,37,2,100.55680084228516,77,7,11,61,1
Prosopis cineraria,23.258842,69.219445,2026-02-06T08:59:56,India,Gujarat,HUMAN_OBSERVATION,26.25493812561035,12.550374984741211,49.02682113647461,388.3751525878906,36.904998779296875,11.305999755859375,25.5989990234375,28.136959075927734,25.39816665649414,30.1721248626709,20.557958602905273,506,218,0,164.02529907226563,450,3,34,4,1
Prosopis cineraria,23.231141,68.978925,2026-03-28T08:54:30,India,Gujarat,HUMAN_OBSERVATION,26.78026008605957,12.159562110900879,49.5262565612793,384.3265686035156,36.520999908447266,11.969249725341797,24.55175018310547,28.88137435913086,28.70658302307129,30.615665435791016,21.11166763305664,443,186,0,162.34231567382813,396,1,215,4,1
Prosopis cineraria,25.217941,55.44439,2026-03-25T08:23:18,United Arab Emirates,Dubay,HUMAN_OBSERVATION,27.32109260559082,12.483570098876953,44.91035461425781,597.59783935546875,40.90594482421875,13.109302520751953,27.796642303466797,20.387123107910156,34.21623611450195,34.21623611450195,19.676313400268555,114,37,0,114.9690933227539,78,3,3,66,1
Prosopis cineraria,18.054199,79.533894,2026-03-18T10:49:44,India,Telangana,HUMAN_OBSERVATION,NA,NA,NA,NA,NA,NA,NA,NA,NA,NA,NA,NA,NA,NA,NA,NA,NA,NA,NA,1
Prosopis cineraria,24.184988,72.080702,2026-03-18T09:47:03,India,Gujarat,HUMAN_OBSERVATION,26.73165512084961,14.45356273651123,47.46849060058594,482.14361572265625,40.620750427246094,10.17199993133545,30.448749542236328,28.727582931518555,26.12583351135254,32.18658447265625,20.06708335876465,540,209,1,154.9770050048828,468,6,45,6,1
Prosopis cineraria,24.392728,54.647713,2026-03-27T12:46:17,United Arab Emirates,Abu Dhabi,HUMAN_OBSERVATION,NA,NA,NA,NA,NA,NA,NA,NA,NA,NA,NA,NA,NA,NA,NA,NA,NA,NA,NA,1
Prosopis cineraria,24.801029,55.623178,2026-03-29T10:41:50,United Arab Emirates,Dubay,HUMAN_OBSERVATION,27.478666305541992,14.009333610534668,46.41926574707031,636.834716796875,42.033748626708984,11.853750228881836,30.17999839782715,23.325082778930664,32.19704055786133,34.77370834350586,19.22974967956543,138,39,2,95.8483657836914,84,10,13,64,1
Prosopis cineraria,24.959504,55.154867,2026-04-03T12:18:16,United Arab Emirates,Dubay,HUMAN_OBSERVATION,27.711444854736328,12.973234176635742,45.256282806396484,610.9986572265625,41.73100662231445,13.064857482910156,28.666149139404297,20.608224868774414,33.3464241027832,34.692893981933594,19.850645065307617,95,31,0,111.7878646850586,65,4,4,52,1
Prosopis cineraria,19.209939,73.017439,2026-04-25T09:04:07,India,Maharashtra,HUMAN_OBSERVATION,NA,NA,NA,NA,NA,NA,NA,NA,NA,NA,NA,NA,NA,NA,NA,NA,NA,NA,NA,1
Prosopis cineraria,24.851864,55.26934,2026-04-24T08:14:43,United Arab Emirates,Dubay,HUMAN_OBSERVATION,27.6174373626709,13.582708358764648,46.142791748046875,621.57647705078125,41.95225143432617,12.515999794006348,29.43625259399414,20.436500549316406,32.52879333496094,34.749542236328125,19.608917236328125,108,34,1,105.8300552368164,70,6,7,56,1
Prosopis cineraria,24.155834,55.680307,2026-04-26T06:31:59,United Arab Emirates,Abu Dhabi,HUMAN_OBSERVATION,27.867813110351563,13.060250282287598,43.27344512939453,658.74127197265625,42.4067497253418,12.22599983215332,30.180749893188477,23.888792037963867,35.33112335205078,35.33112335205078,19.28058433532715,126,38,1,104.44659423828125,83,5,5,60,1
Prosopis cineraria,24.445672,54.389685,2026-04-24T08:21:38,United Arab Emirates,Abu Dhabi,HUMAN_OBSERVATION,NA,NA,NA,NA,NA,NA,NA,NA,NA,NA,NA,NA,NA,NA,NA,NA,NA,NA,NA,1
Prosopis cineraria,24.530038,54.403372,2026-04-25T18:23:17,United Arab Emirates,Abu Dhabi,HUMAN_OBSERVATION,NA,NA,NA,NA,NA,NA,NA,NA,NA,NA,NA,NA,NA,NA,NA,NA,NA,NA,NA,1
Prosopis cineraria,24.985095,55.22693,2026-04-24T08:10:20,United Arab Emirates,Dubay,HUMAN_OBSERVATION,27.6174373626709,13.582708358764648,46.142791748046875,621.57647705078125,41.95225143432617,12.515999794006348,29.43625259399414,20.436500549316406,32.52879333496094,34.749542236328125,19.608917236328125,108,34,1,105.8300552368164,70,6,7,56,1
Prosopis cineraria,25.138283,55.85443,2026-04-05T18:39:32,United Arab Emirates,Sharjah,HUMAN_OBSERVATION,27.473020553588867,13.540291786193848,46.674163818359375,605.96978759765625,41.417999267578125,12.407750129699707,29.010250091552734,20.476999282836914,31.77950096130371,34.399417877197266,19.647249221801758,159,43,2,94.63045501708984,96,10,15,78,1
Prosopis cineraria,25.223219,55.448154,2026-04-23T18:23:35,United Arab Emirates,Dubay,HUMAN_OBSERVATION,27.32109260559082,12.483570098876953,44.91035461425781,597.59783935546875,40.90594482421875,13.109302520751953,27.796642303466797,20.387123107910156,34.21623611450195,34.21623611450195,19.676313400268555,114,37,0,114.9690933227539,78,3,3,66,1
Prosopis cineraria,29.887889,73.913478,2026-04-15T09:35,India,Rajasthan,HUMAN_OBSERVATION,25.163969039916992,14.711978912353516,40.468666076660156,789.09423828125,41.8494987487793,5.495500087738037,36.354000091552734,31.734498977661133,20.240875244140625,33.62266540527344,14.502582550048828,260,72,2,112.53079986572266,185,11,104,21,1
Prosopis cineraria,24.857647,55.289897,2026-04-24T07:00:18,United Arab Emirates,Dubay,HUMAN_OBSERVATION,27.6174373626709,13.582708358764648,46.142791748046875,621.57647705078125,41.95225143432617,12.515999794006348,29.43625259399414,20.436500549316406,32.52879333496094,34.749542236328125,19.608917236328125,108,34,1,105.8300552368164,70,6,7,56,1
Prosopis cineraria,24.959488,55.15498,2026-04-26T16:42:40,United Arab Emirates,Dubay,HUMAN_OBSERVATION,27.711444854736328,12.973234176635742,45.256282806396484,610.9986572265625,41.73100662231445,13.064857482910156,28.666149139404297,20.608224868774414,33.3464241027832,34.692893981933594,19.850645065307617,95,31,0,111.7878646850586,65,4,4,52,1
Prosopis cineraria,26.116889,73.971595,2026-04-30T20:17:59,India,Rajasthan,HUMAN_OBSERVATION,26.31238555908203,14.30789566040039,43.26613998413086,594.4471435546875,41.34049987792969,8.270999908447266,33.06949996948242,29.301334381103516,25.146709442138672,32.86712646484375,18.10391616821289,351,123,0,149.6898956298828,295,6,35,7,1
Prosopis cineraria,24.530064,54.403403,2026-04-26T18:36:28,United Arab Emirates,Abu Dhabi,HUMAN_OBSERVATION,NA,NA,NA,NA,NA,NA,NA,NA,NA,NA,NA,NA,NA,NA,NA,NA,NA,NA,NA,1
Prosopis cineraria,25.242515,55.305589,2026-04-26T13:16:33,United Arab Emirates,Dubay,HUMAN_OBSERVATION,27.414962768554688,11.28270149230957,42.78170394897461,584.6048583984375,40.30908966064453,13.936363220214844,26.372726440429688,20.560606002807617,34.1209602355957,34.1209602355957,19.94772720336914,106,35,0,115.61170196533203,73,2,2,62,1
Prosopis cineraria,25.037755,55.138031,2026-04-27T18:02:06,United Arab Emirates,Dubay,HUMAN_OBSERVATION,27.721683502197266,11.967516899108887,43.78795623779297,595.54779052734375,41.10306167602539,13.772448539733887,27.330612182617188,20.75204086303711,34.5229606628418,34.5229606628418,20.086223602294922,96,32,0,116.1484375,67,2,2,56,1
Prosopis cineraria,21.505418,73.0361,2026-04-11T17:40,India,Gujarat,HUMAN_OBSERVATION,27.578386306762695,13.642146110534668,50.90068435668945,338.9691162109375,39.4119987487793,12.61050033569336,26.801498413085938,28.268667221069336,27.815458297729492,31.708707809448242,22.950416564941406,981,353,0,149.39474487304688,794,2,148,4,1
Prosopis cineraria,24.800083,56.109505,2026-05-06T13:40:25,United Arab Emirates,Dubay,HUMAN_OBSERVATION,26.016698837280273,11.444271087646484,41.921173095703125,604.16961669921875,39.17625045776367,11.876749992370605,27.29949951171875,22.16841697692871,26.827999114990234,32.805999755859375,18.170249938964844,207,46,3,76.467315673828125,106,16,45,78,1
Prosopis cineraria,29.912616,73.882792,2026-05-10T16:11,India,Rajasthan,HUMAN_OBSERVATION,25.163969039916992,14.711978912353516,40.468666076660156,789.09423828125,41.8494987487793,5.495500087738037,36.354000091552734,31.734498977661133,20.240875244140625,33.62266540527344,14.502582550048828,260,72,2,112.53079986572266,185,11,104,21,1
Prosopis cineraria,25.223106,55.445475,2026-05-16T17:40:40,United Arab Emirates,Dubay,HUMAN_OBSERVATION,27.32109260559082,12.483570098876953,44.91035461425781,597.59783935546875,40.90594482421875,13.109302520751953,27.796642303466797,20.387123107910156,34.21623611450195,34.21623611450195,19.676313400268555,114,37,0,114.9690933227539,78,3,3,66,1
Prosopis cineraria,25.223025,55.446305,2026-05-16T17:31:44,United Arab Emirates,Dubay,HUMAN_OBSERVATION,27.32109260559082,12.483570098876953,44.91035461425781,597.59783935546875,40.90594482421875,13.109302520751953,27.796642303466797,20.387123107910156,34.21623611450195,34.21623611450195,19.676313400268555,114,37,0,114.9690933227539,78,3,3,66,1
Prosopis cineraria,25.223706,55.443942,2026-05-16T18:00:27,United Arab Emirates,Dubay,HUMAN_OBSERVATION,27.32109260559082,12.483570098876953,44.91035461425781,597.59783935546875,40.90594482421875,13.109302520751953,27.796642303466797,20.387123107910156,34.21623611450195,34.21623611450195,19.676313400268555,114,37,0,114.9690933227539,78,3,3,66,1
Prosopis cineraria,25.224136,55.444791,2026-05-16T18:05:59,United Arab Emirates,Dubay,HUMAN_OBSERVATION,27.32109260559082,12.483570098876953,44.91035461425781,597.59783935546875,40.90594482421875,13.109302520751953,27.796642303466797,20.387123107910156,34.21623611450195,34.21623611450195,19.676313400268555,114,37,0,114.9690933227539,78,3,3,66,1
Prosopis cineraria,29.903023,73.887681,2026-05-13T08:24,India,Rajasthan,HUMAN_OBSERVATION,25.163969039916992,14.711978912353516,40.468666076660156,789.09423828125,41.8494987487793,5.495500087738037,36.354000091552734,31.734498977661133,20.240875244140625,33.62266540527344,14.502582550048828,260,72,2,112.53079986572266,185,11,104,21,1
Prosopis cineraria,24.722763,71.773833,2026-05-17T08:38:08,India,Rajasthan,HUMAN_OBSERVATION,27.56737518310547,15.144166946411133,46.36347961425781,521.009765625,42.659751892089844,9.995750427246094,32.66400146484375,29.795583724975586,20.418500900268555,33.48808288574219,20.418500900268555,388,158,1,158.90133666992188,342,4,27,4,1
Prosopis cineraria,26.167387,72.481658,2026-05-17T11:14:22,India,Rajasthan,HUMAN_OBSERVATION,26.898906707763672,14.844145774841309,44.3426513671875,599.2760009765625,42.0047492980957,8.5287504196167,33.47599792480469,30.27975082397461,19.503707885742188,33.29370880126953,18.523916244506836,291,102,2,140.7030487060547,232,7,125,8,1
Prosopis cineraria,25.22235,55.444542,2026-05-28T07:24:09,United Arab Emirates,Dubay,HUMAN_OBSERVATION,27.32109260559082,12.483570098876953,44.91035461425781,597.59783935546875,40.90594482421875,13.109302520751953,27.796642303466797,20.387123107910156,34.21623611450195,34.21623611450195,19.676313400268555,114,37,0,114.9690933227539,78,3,3,66,1
Prosopis cineraria,29.928217,73.916047,2026-05-30T15:59,India,Rajasthan,HUMAN_OBSERVATION,25.163969039916992,14.711978912353516,40.468666076660156,789.09423828125,41.8494987487793,5.495500087738037,36.354000091552734,31.734498977661133,20.240875244140625,33.62266540527344,14.502582550048828,260,72,2,112.53079986572266,185,11,104,21,1
Prosopis cineraria,25.112895,55.279608,2026-05-23T17:35,United Arab Emirates,Dubay,HUMAN_OBSERVATION,27.60400390625,12.717489242553711,45.18278884887695,602.88421630859375,41.33896255493164,13.192207336425781,28.14675521850586,20.58627700805664,34.521949768066406,34.521949768066406,19.872814178466797,105,34,0,113.12736511230469,71,3,3,59,1
Prosopis cineraria,25.222937,55.445178,2026-05-28T07:10:34,United Arab Emirates,Dubay,HUMAN_OBSERVATION,27.32109260559082,12.483570098876953,44.91035461425781,597.59783935546875,40.90594482421875,13.109302520751953,27.796642303466797,20.387123107910156,34.21623611450195,34.21623611450195,19.676313400268555,114,37,0,114.9690933227539,78,3,3,66,1
Prosopis cineraria,24.949455,56.321253,2026-05-23T19:34:50,United Arab Emirates,Fujayrah,HUMAN_OBSERVATION,27.336156845092773,11.191062927246094,42.761722564697266,561.47686767578125,39.91299819946289,13.742250442504883,26.170747756958008,20.73550033569336,28.19908332824707,33.49537658691406,20.014957427978516,155,40,2,90.44962310791016,91,10,19,75,1
Prosopis cineraria,24.914581,72.382416,2026-06-11T10:16:59,India,Rajasthan,HUMAN_OBSERVATION,26.651365280151367,13.758188247680664,44.98491668701172,496.8881530761719,40.98725128173828,10.403249740600586,30.584001541137695,28.546125411987305,26.137083053588867,32.44483184814453,19.859209060668945,468,190,1,161.66041564941406,411,3,38,5,1
Prosopis cineraria,28.034336,73.234853,2026-06-24T19:17,India,Rajasthan,HUMAN_OBSERVATION,26.589031219482422,15.174020767211914,42.363346099853516,738.31005859375,42.1254997253418,6.3067498207092285,35.818748474121094,33.62041473388672,21.909500122070313,34.43899917602539,16.414457321166992,295,103,2,122.5853042602539,206,10,157,16,1
Prosopis cineraria,28.02172,73.409317,2026-06-24T07:55,India,Rajasthan,HUMAN_OBSERVATION,26.474260330200195,15.199104309082031,42.407325744628906,738.4886474609375,42.03675079345703,6.196000099182129,35.84075164794922,32.06404113769531,21.766876220703125,34.34379196166992,16.304208755493164,295,101,2,125.4302749633789,212,10,150,15,1
Prosopis cineraria,28.021964,73.409561,2026-06-24T07:47,India,Rajasthan,HUMAN_OBSERVATION,26.474260330200195,15.199104309082031,42.407325744628906,738.4886474609375,42.03675079345703,6.196000099182129,35.84075164794922,32.06404113769531,21.766876220703125,34.34379196166992,16.304208755493164,295,101,2,125.4302749633789,212,10,150,15,1
Prosopis cineraria,26.244057,73.346383,2026-07-01T10:23:30,India,Rajasthan,HUMAN_OBSERVATION,26.75177001953125,14.432249069213867,43.62107467651367,599.48162841796875,41.70499801635742,8.619500160217285,33.08549880981445,29.979042053222656,19.428083419799805,33.26641845703125,18.448957443237305,399,138,2,148.65313720703125,330,8,183,8,1
Prosopis cineraria,25.175404,75.831113,2026-08-02T09:50:53,India,Rajasthan,HUMAN_OBSERVATION,26.59722900390625,12.756332397460938,38.92240905761719,609.80816650390625,42.78324890136719,10.009500503540039,32.77375030517578,28.98583221435547,25.61195945739746,33.827667236328125,18.369874954223633,742,263,3,156.66468811035156,636,10,72,13,1
Prosopis cineraria,25.020846,55.259073,2025-01-01T15:59:12,United Arab Emirates,Dubay,HUMAN_OBSERVATION,27.60400390625,12.717489242553711,45.18278884887695,602.88421630859375,41.33896255493164,13.192207336425781,28.14675521850586,20.58627700805664,34.521949768066406,34.521949768066406,19.872814178466797,105,34,0,113.12736511230469,71,3,3,59,1
Prosopis cineraria,24.959286,55.154944,2025-01-11T11:47:47,United Arab Emirates,Dubay,HUMAN_OBSERVATION,27.711444854736328,12.973234176635742,45.256282806396484,610.9986572265625,41.73100662231445,13.064857482910156,28.666149139404297,20.608224868774414,33.3464241027832,34.692893981933594,19.850645065307617,95,31,0,111.7878646850586,65,4,4,52,1
Prosopis cineraria,24.959641,55.154818,2025-01-11T10:35:33,United Arab Emirates,Dubay,HUMAN_OBSERVATION,27.711444854736328,12.973234176635742,45.256282806396484,610.9986572265625,41.73100662231445,13.064857482910156,28.666149139404297,20.608224868774414,33.3464241027832,34.692893981933594,19.850645065307617,95,31,0,111.7878646850586,65,4,4,52,1
Prosopis cineraria,26.643255,70.67382,2025-01-15T13:31:22,India,Rajasthan,HUMAN_OBSERVATION,26.979385375976563,15.861936569213867,45.61370086669922,618.0096435546875,42.46125030517578,7.6867499351501465,34.77450180053711,30.91904067993164,19.199708938598633,33.38291549682617,18.218000411987305,191,73,1,159.42584228515625,165,4,86,4,1
Prosopis cineraria,24.958563,56.314513,2025-01-20T09:35:24,United Arab Emirates,Fujayrah,HUMAN_OBSERVATION,27.336156845092773,11.191062927246094,42.761722564697266,561.47686767578125,39.91299819946289,13.742250442504883,26.170747756958008,20.73550033569336,28.19908332824707,33.49537658691406,20.014957427978516,155,40,2,90.44962310791016,91,10,19,75,1
Prosopis cineraria,24.888629,55.432042,2025-01-12T17:24:55,United Arab Emirates,Dubay,HUMAN_OBSERVATION,27.504228591918945,13.845749855041504,46.51063537597656,625.643310546875,41.969749450683594,12.200750350952148,29.768999099731445,20.294584274291992,32.33150100708008,34.69612503051758,19.434125900268555,124,37,2,100.55680084228516,77,7,11,61,1
Prosopis cineraria,25.242831,55.305504,2025-02-02T16:51:20,United Arab Emirates,Dubay,HUMAN_OBSERVATION,27.414962768554688,11.28270149230957,42.78170394897461,584.6048583984375,40.30908966064453,13.936363220214844,26.372726440429688,20.560606002807617,34.1209602355957,34.1209602355957,19.94772720336914,106,35,0,115.61170196533203,73,2,2,62,1
Prosopis cineraria,26.229805,73.03025,2025-02-06T17:06:43,India,Rajasthan,HUMAN_OBSERVATION,26.785614013671875,13.892021179199219,42.763755798339844,603.8599853515625,41.549251556396484,9.063750267028809,32.48550033569336,30.166166305541992,19.405624389648438,33.32512664794922,18.407583236694336,417,141,2,143.4311981201172,332,8,192,9,1
Prosopis cineraria,25.22501,55.450632,2025-02-01T14:56:59,United Arab Emirates,Dubay,HUMAN_OBSERVATION,27.32109260559082,12.483570098876953,44.91035461425781,597.59783935546875,40.90594482421875,13.109302520751953,27.796642303466797,20.387123107910156,34.21623611450195,34.21623611450195,19.676313400268555,114,37,0,114.9690933227539,78,3,3,66,1
Prosopis cineraria,25.225138,55.449378,2025-02-01T15:03:09,United Arab Emirates,Dubay,HUMAN_OBSERVATION,27.32109260559082,12.483570098876953,44.91035461425781,597.59783935546875,40.90594482421875,13.109302520751953,27.796642303466797,20.387123107910156,34.21623611450195,34.21623611450195,19.676313400268555,114,37,0,114.9690933227539,78,3,3,66,1
Prosopis cineraria,25.22503,55.450283,2025-02-01T15:00:03,United Arab Emirates,Dubay,HUMAN_OBSERVATION,27.32109260559082,12.483570098876953,44.91035461425781,597.59783935546875,40.90594482421875,13.109302520751953,27.796642303466797,20.387123107910156,34.21623611450195,34.21623611450195,19.676313400268555,114,37,0,114.9690933227539,78,3,3,66,1
Prosopis cineraria,25.224103,55.447313,2025-02-01T15:19:05,United Arab Emirates,Dubay,HUMAN_OBSERVATION,27.32109260559082,12.483570098876953,44.91035461425781,597.59783935546875,40.90594482421875,13.109302520751953,27.796642303466797,20.387123107910156,34.21623611450195,34.21623611450195,19.676313400268555,114,37,0,114.9690933227539,78,3,3,66,1
Prosopis cineraria,25.226613,55.447553,2025-02-01T15:25:09,United Arab Emirates,Dubay,HUMAN_OBSERVATION,27.32109260559082,12.483570098876953,44.91035461425781,597.59783935546875,40.90594482421875,13.109302520751953,27.796642303466797,20.387123107910156,34.21623611450195,34.21623611450195,19.676313400268555,114,37,0,114.9690933227539,78,3,3,66,1
Prosopis cineraria,21.308172,70.055595,2025-02-28T17:51:47,India,Gujarat,HUMAN_OBSERVATION,26.5994873046875,10.737008094787598,52.17595291137695,309.0848083496094,34.42179489135742,13.84333324432373,20.578460693359375,29.020000457763672,25.51615333557129,29.741924285888672,22.007734298706055,780,349,0,163.8441162109375,662,2,492,2,1
Prosopis cineraria,25.200073,55.293457,2025-02-08T09:46,United Arab Emirates,Dubay,HUMAN_OBSERVATION,27.414962768554688,11.28270149230957,42.78170394897461,584.6048583984375,40.30908966064453,13.936363220214844,26.372726440429688,20.560606002807617,34.1209602355957,34.1209602355957,19.94772720336914,106,35,0,115.61170196533203,73,2,2,62,1
Prosopis cineraria,25.229905,55.449819,2025-03-01T09:18:34,United Arab Emirates,Dubay,HUMAN_OBSERVATION,27.32109260559082,12.483570098876953,44.91035461425781,597.59783935546875,40.90594482421875,13.109302520751953,27.796642303466797,20.387123107910156,34.21623611450195,34.21623611450195,19.676313400268555,114,37,0,114.9690933227539,78,3,3,66,1
Prosopis cineraria,25.225078,55.450285,2025-03-09T14:53:35,United Arab Emirates,Dubay,HUMAN_OBSERVATION,27.32109260559082,12.483570098876953,44.91035461425781,597.59783935546875,40.90594482421875,13.109302520751953,27.796642303466797,20.387123107910156,34.21623611450195,34.21623611450195,19.676313400268555,114,37,0,114.9690933227539,78,3,3,66,1
Prosopis cineraria,22.870012,72.173355,2025-03-08T11:24:51,India,Gujarat,HUMAN_OBSERVATION,27.199302673339844,13.93793773651123,45.09199905395508,464.7349548339844,41.86825180053711,10.958250045776367,30.910001754760742,28.817625045776367,22.785917282104492,32.685916900634766,20.797624588012695,700,245,1,149.3631134033203,574,5,99,6,1
Prosopis cineraria,27.761838,74.398095,2025-03-18T10:02:51,India,Rajasthan,HUMAN_OBSERVATION,25.733999252319336,15.307791709899902,43.879783630371094,681.2725830078125,40.98175048828125,6.0960001945495605,34.88574981689453,30.55329132080078,17.319374084472656,33.08158493041992,16.367916107177734,367,129,3,141.8838348388672,291,11,173,15,1
Prosopis cineraria,27.97035,73.37542,2025-03-19T08:26:56,India,Rajasthan,HUMAN_OBSERVATION,26.31096839904785,15.154396057128906,42.4296760559082,729.67547607421875,41.82875061035156,6.112249851226807,35.71649932861328,31.731332778930664,21.71754264831543,34.10008239746094,16.236499786376953,302,103,2,127.60433197021484,221,10,151,15,1
Prosopis cineraria,24.945919,55.426858,2025-03-11T12:49:49,United Arab Emirates,Dubay,HUMAN_OBSERVATION,27.504228591918945,13.845749855041504,46.51063537597656,625.643310546875,41.969749450683594,12.200750350952148,29.768999099731445,20.294584274291992,32.33150100708008,34.69612503051758,19.434125900268555,124,37,2,100.55680084228516,77,7,11,61,1
Prosopis cineraria,24.93818,55.036922,2025-03-20T15:26:16,United Arab Emirates,Dubay,HUMAN_OBSERVATION,27.711444854736328,12.973234176635742,45.256282806396484,610.9986572265625,41.73100662231445,13.064857482910156,28.666149139404297,20.608224868774414,33.3464241027832,34.692893981933594,19.850645065307617,95,31,0,111.7878646850586,65,4,4,52,1
Prosopis cineraria,18.53339,73.81823,2025-03-30,India,NA,HUMAN_OBSERVATION,NA,NA,NA,NA,NA,NA,NA,NA,NA,NA,NA,NA,NA,NA,NA,NA,NA,NA,NA,1
Prosopis cineraria,18.56571,73.8012,2025-03-25,India,NA,HUMAN_OBSERVATION,NA,NA,NA,NA,NA,NA,NA,NA,NA,NA,NA,NA,NA,NA,NA,NA,NA,NA,NA,1
Prosopis cineraria,25.314749,55.519164,2025-03-05T10:11:06,United Arab Emirates,Sharjah,HUMAN_OBSERVATION,27.176990509033203,13.724812507629395,46.75021743774414,612.57208251953125,41.48125076293945,12.123499870300293,29.357749938964844,20.123083114624023,31.913665771484375,34.2720832824707,19.32237434387207,133,39,1,103.7537841796875,85,6,8,72,1
Prosopis cineraria,27.508261,73.474542,2025-03-03T09:32,India,Rajasthan,HUMAN_OBSERVATION,25.991697311401367,15.117437362670898,42.90673828125,699.89947509765625,41.382999420166016,6.149749755859375,35.23324966430664,30.939167022705078,21.592958450317383,33.50033187866211,16.30062484741211,304,100,3,135.61447143554688,237,10,137,14,1
Prosopis cineraria,28.081696,75.282841,2025-03-01T16:17,India,Rajasthan,HUMAN_OBSERVATION,25.171363830566406,15.38614559173584,43.779048919677734,687.95587158203125,40.74924850463867,5.604249954223633,35.144996643066406,30.042375564575195,16.709125518798828,32.657623291015625,15.762666702270508,455,156,3,140.4668731689453,359,14,211,18,1
Prosopis cineraria,28.043416,74.812336,2025-03-02T09:24,India,Rajasthan,HUMAN_OBSERVATION,25.5310001373291,15.67720890045166,44.307804107666016,693.95196533203125,40.965999603271484,5.583499908447266,35.38249969482422,30.61116600036621,16.939666748046875,32.983707427978516,16.025959014892578,418,157,3,140.48471069335938,323,13,214,16,1
Prosopis cineraria,27.026406,73.53215,2025-03-03T11:14,India,Rajasthan,HUMAN_OBSERVATION,26.099781036376953,14.623604774475098,42.954063415527344,653.5826416015625,41.108001708984375,7.0632500648498535,34.04475021362305,30.302417755126953,22.007667541503906,33.14725112915039,17.01941680908203,328,120,2,148.10791015625,268,10,153,14,1
Prosopis cineraria,27.973657,74.969014,2025-03-02T08:34,India,Rajasthan,HUMAN_OBSERVATION,25.49355125427246,15.578021049499512,44.34803009033203,679.25750732421875,40.94075012207031,5.814000129699707,35.12675094604492,30.292999267578125,17.087125778198242,32.89945983886719,16.217708587646484,452,171,3,146.26193237304688,361,12,226,15,1
Prosopis cineraria,28.099243,73.853566,2025-03-02T10:16,India,Rajasthan,HUMAN_OBSERVATION,26.078521728515625,15.571416854858398,43.477359771728516,721.34381103515625,41.60974884033203,5.794750213623047,35.814998626708984,31.48754119873047,21.428625106811523,33.79329299926758,16.158832550048828,305,98,3,134.3468780517578,237,11,134,15,1
Prosopis cineraria,26.870317,56.123897,2025-04-02T17:08:58,Iran (Islamic Republic of),Hormozgan,HUMAN_OBSERVATION,26.764205932617188,9.665078163146973,39.39854049682617,577.83892822265625,37.59406280517578,13.0625,24.53156280517578,19.127708435058594,33.11166763305664,33.11166763305664,19.127708435058594,172,43,0,114.70352935791016,121,2,2,121,1
Prosopis cineraria,25.386953,56.265087,2025-04-19T08:38:51,United Arab Emirates,Fujayrah,HUMAN_OBSERVATION,26.267541885375977,10.180375099182129,40.47581100463867,569.43218994140625,38.20100021362305,13.049249649047852,25.151750564575195,19.57729148864746,27.241792678833008,32.5752067565918,18.85733413696289,211,48,2,83.7257080078125,117,14,36,98,1
Prosopis cineraria,25.2898,55.346492,2025-04-08T20:32:57,United Arab Emirates,Dubay,HUMAN_OBSERVATION,27.32109260559082,12.483570098876953,44.91035461425781,597.59783935546875,40.90594482421875,13.109302520751953,27.796642303466797,20.387123107910156,34.21623611450195,34.21623611450195,19.676313400268555,114,37,0,114.9690933227539,78,3,3,66,1
Prosopis cineraria,20.658922,76.926933,2025-04-09T08:13:03,India,Maharashtra,HUMAN_OBSERVATION,27.345561981201172,13.069833755493164,46.02864456176758,418.0800476074219,42.333499908447266,13.938499450683594,28.395000457763672,26.80412483215332,23.023082733154297,33.17183303833008,22.448749542236328,721,197,3,122.23807525634766,505,14,143,19,1
Prosopis cineraria,24.833095,55.356472,2025-04-26T18:16:37,United Arab Emirates,Dubay,HUMAN_OBSERVATION,27.617218017578125,13.950145721435547,46.335609436035156,636.208984375,42.18574905395508,12.079000473022461,30.106748580932617,20.31650161743164,32.46241760253906,34.91358184814453,19.390708923339844,126,36,2,95.07551574707031,76,10,12,59,1
Prosopis cineraria,24.833287,55.356163,2025-04-26T18:34:52,United Arab Emirates,Dubay,HUMAN_OBSERVATION,27.617218017578125,13.950145721435547,46.335609436035156,636.208984375,42.18574905395508,12.079000473022461,30.106748580932617,20.31650161743164,32.46241760253906,34.91358184814453,19.390708923339844,126,36,2,95.07551574707031,76,10,12,59,1
Prosopis cineraria,25.377279,51.548723,2025-04-25T22:40:42,Qatar,Ad Dawhah,HUMAN_OBSERVATION,NA,NA,NA,NA,NA,NA,NA,NA,NA,NA,NA,NA,NA,NA,NA,NA,NA,NA,NA,1
Prosopis cineraria,27.498617,75.178167,2025-05-06T07:45,India,Rajasthan,HUMAN_OBSERVATION,24.524917602539063,14.642791748046875,43.07621765136719,656.459716796875,39.75550079345703,5.762750148773193,33.99275207519531,28.840957641601563,22.5887508392334,31.711957931518555,15.497750282287598,461,159,2,148.4462432861328,378,13,207,15,1
Prosopis cineraria,25.242917,55.46395,2025-05-09T12:15:07,United Arab Emirates,Dubay,HUMAN_OBSERVATION,27.32109260559082,12.483570098876953,44.91035461425781,597.59783935546875,40.90594482421875,13.109302520751953,27.796642303466797,20.387123107910156,34.21623611450195,34.21623611450195,19.676313400268555,114,37,0,114.9690933227539,78,3,3,66,1
Prosopis cineraria,25.271738,55.369763,2025-05-09T10:38:24,United Arab Emirates,Dubay,HUMAN_OBSERVATION,27.32109260559082,12.483570098876953,44.91035461425781,597.59783935546875,40.90594482421875,13.109302520751953,27.796642303466797,20.387123107910156,34.21623611450195,34.21623611450195,19.676313400268555,114,37,0,114.9690933227539,78,3,3,66,1
Prosopis cineraria,25.227569,55.260492,2025-05-07T15:14:18,United Arab Emirates,Dubay,HUMAN_OBSERVATION,27.414962768554688,11.28270149230957,42.78170394897461,584.6048583984375,40.30908966064453,13.936363220214844,26.372726440429688,20.560606002807617,34.1209602355957,34.1209602355957,19.94772720336914,106,35,0,115.61170196533203,73,2,2,62,1
Prosopis cineraria,25.168425,55.429014,2025-05-11T17:17:37,United Arab Emirates,Dubay,HUMAN_OBSERVATION,27.32109260559082,12.483570098876953,44.91035461425781,597.59783935546875,40.90594482421875,13.109302520751953,27.796642303466797,20.387123107910156,34.21623611450195,34.21623611450195,19.676313400268555,114,37,0,114.9690933227539,78,3,3,66,1
Prosopis cineraria,26.831969,75.786258,2025-05-15T11:13,India,Rajasthan,HUMAN_OBSERVATION,25.535614013671875,14.434979438781738,42.80487060546875,635.99176025390625,41.109500885009766,7.386750221252441,33.72275161743164,29.157249450683594,17.771207809448242,32.451332092285156,16.763166427612305,607,213,2,151.0250244140625,504,12,269,16,1
Prosopis cineraria,26.832339,75.786163,2025-05-15T17:59,India,Rajasthan,HUMAN_OBSERVATION,25.535614013671875,14.434979438781738,42.80487060546875,635.99176025390625,41.109500885009766,7.386750221252441,33.72275161743164,29.157249450683594,17.771207809448242,32.451332092285156,16.763166427612305,607,213,2,151.0250244140625,504,12,269,16,1
Prosopis cineraria,26.831956,75.786244,2025-05-15T11:13,India,Rajasthan,HUMAN_OBSERVATION,25.535614013671875,14.434979438781738,42.80487060546875,635.99176025390625,41.109500885009766,7.386750221252441,33.72275161743164,29.157249450683594,17.771207809448242,32.451332092285156,16.763166427612305,607,213,2,151.0250244140625,504,12,269,16,1
Prosopis cineraria,26.832339,75.786163,2025-05-15T17:59,India,Rajasthan,HUMAN_OBSERVATION,25.535614013671875,14.434979438781738,42.80487060546875,635.99176025390625,41.109500885009766,7.386750221252441,33.72275161743164,29.157249450683594,17.771207809448242,32.451332092285156,16.763166427612305,607,213,2,151.0250244140625,504,12,269,16,1
Prosopis cineraria,26.832458,75.786159,2025-05-15T18:10,India,Rajasthan,HUMAN_OBSERVATION,25.535614013671875,14.434979438781738,42.80487060546875,635.99176025390625,41.109500885009766,7.386750221252441,33.72275161743164,29.157249450683594,17.771207809448242,32.451332092285156,16.763166427612305,607,213,2,151.0250244140625,504,12,269,16,1
Prosopis cineraria,26.832458,75.786159,2025-05-15T11:20,India,Rajasthan,HUMAN_OBSERVATION,25.535614013671875,14.434979438781738,42.80487060546875,635.99176025390625,41.109500885009766,7.386750221252441,33.72275161743164,29.157249450683594,17.771207809448242,32.451332092285156,16.763166427612305,607,213,2,151.0250244140625,504,12,269,16,1
Prosopis cineraria,26.832339,75.786163,2025-05-15T17:59,India,Rajasthan,HUMAN_OBSERVATION,25.535614013671875,14.434979438781738,42.80487060546875,635.99176025390625,41.109500885009766,7.386750221252441,33.72275161743164,29.157249450683594,17.771207809448242,32.451332092285156,16.763166427612305,607,213,2,151.0250244140625,504,12,269,16,1
Prosopis cineraria,25.303208,55.738963,2025-05-18T18:59:11,United Arab Emirates,Sharjah,HUMAN_OBSERVATION,27.356082916259766,14.080792427062988,47.33755111694336,616.2421875,41.75825119018555,12.012749671936035,29.745502471923828,20.26941680908203,31.954750061035156,34.48225021362305,19.438791275024414,149,41,2,97.41207122802734,92,9,12,77,1
Prosopis cineraria,26.831556,75.785772,2025-05-15T10:48,India,Rajasthan,HUMAN_OBSERVATION,25.535614013671875,14.434979438781738,42.80487060546875,635.99176025390625,41.109500885009766,7.386750221252441,33.72275161743164,29.157249450683594,17.771207809448242,32.451332092285156,16.763166427612305,607,213,2,151.0250244140625,504,12,269,16,1
Prosopis cineraria,26.832339,75.786163,2025-05-15T17:59,India,Rajasthan,HUMAN_OBSERVATION,25.535614013671875,14.434979438781738,42.80487060546875,635.99176025390625,41.109500885009766,7.386750221252441,33.72275161743164,29.157249450683594,17.771207809448242,32.451332092285156,16.763166427612305,607,213,2,151.0250244140625,504,12,269,16,1
Prosopis cineraria,26.832339,75.786163,2025-05-15T17:59,India,Rajasthan,HUMAN_OBSERVATION,25.535614013671875,14.434979438781738,42.80487060546875,635.99176025390625,41.109500885009766,7.386750221252441,33.72275161743164,29.157249450683594,17.771207809448242,32.451332092285156,16.763166427612305,607,213,2,151.0250244140625,504,12,269,16,1
Prosopis cineraria,26.832339,75.786163,2025-05-15T17:59,India,Rajasthan,HUMAN_OBSERVATION,25.535614013671875,14.434979438781738,42.80487060546875,635.99176025390625,41.109500885009766,7.386750221252441,33.72275161743164,29.157249450683594,17.771207809448242,32.451332092285156,16.763166427612305,607,213,2,151.0250244140625,504,12,269,16,1
Prosopis cineraria,11.027356,78.870673,2025-05-29T08:11:25,India,Tamil Nadu,HUMAN_OBSERVATION,NA,NA,NA,NA,NA,NA,NA,NA,NA,NA,NA,NA,NA,NA,NA,NA,NA,NA,NA,1
Prosopis cineraria,18.871887,-71.529416,2025-05-28T09:20:39,Dominican Republic,San Juan,HUMAN_OBSERVATION,NA,NA,NA,NA,NA,NA,NA,NA,NA,NA,NA,NA,NA,NA,NA,NA,NA,NA,NA,1
Prosopis cineraria,24.818247,56.097402,2025-05-15T07:07,United Arab Emirates,Neutral Zone,HUMAN_OBSERVATION,26.016698837280273,11.444271087646484,41.921173095703125,604.16961669921875,39.17625045776367,11.876749992370605,27.29949951171875,22.16841697692871,26.827999114990234,32.805999755859375,18.170249938964844,207,46,3,76.467315673828125,106,16,45,78,1
Prosopis cineraria,17.349056,78.448158,2025-07-11T06:03,India,Telangana,HUMAN_OBSERVATION,NA,NA,NA,NA,NA,NA,NA,NA,NA,NA,NA,NA,NA,NA,NA,NA,NA,NA,NA,1
Prosopis cineraria,25.445384,56.276177,2025-08-23T15:09,United Arab Emirates,Fujayrah,HUMAN_OBSERVATION,26.267541885375977,10.180375099182129,40.47581100463867,569.43218994140625,38.20100021362305,13.049249649047852,25.151750564575195,19.57729148864746,27.241792678833008,32.5752067565918,18.85733413696289,211,48,2,83.7257080078125,117,14,36,98,1
Prosopis cineraria,27.810078,74.459913,2025-08-18T07:50:12,India,Rajasthan,HUMAN_OBSERVATION,25.733999252319336,15.307791709899902,43.879783630371094,681.2725830078125,40.98175048828125,6.0960001945495605,34.88574981689453,30.55329132080078,17.319374084472656,33.08158493041992,16.367916107177734,367,129,3,141.8838348388672,291,11,173,15,1
Prosopis cineraria,23.02826,72.43012,2025-08-21,India,NA,HUMAN_OBSERVATION,27.169157028198242,13.986104011535645,45.68905258178711,459.7113342285156,41.678749084472656,11.06725025177002,30.611499786376953,28.73783302307129,22.93404197692871,32.64004135131836,20.891582489013672,735,261,1,151.33631896972656,604,4,105,6,1
Prosopis cineraria,23.02826,72.43012,2025-08-07,India,NA,HUMAN_OBSERVATION,27.169157028198242,13.986104011535645,45.68905258178711,459.7113342285156,41.678749084472656,11.06725025177002,30.611499786376953,28.73783302307129,22.93404197692871,32.64004135131836,20.891582489013672,735,261,1,151.33631896972656,604,4,105,6,1
Prosopis cineraria,23.02826,72.43012,2025-08-30,India,NA,HUMAN_OBSERVATION,27.169157028198242,13.986104011535645,45.68905258178711,459.7113342285156,41.678749084472656,11.06725025177002,30.611499786376953,28.73783302307129,22.93404197692871,32.64004135131836,20.891582489013672,735,261,1,151.33631896972656,604,4,105,6,1
Prosopis cineraria,23.02826,72.43012,2025-08-14,India,NA,HUMAN_OBSERVATION,27.169157028198242,13.986104011535645,45.68905258178711,459.7113342285156,41.678749084472656,11.06725025177002,30.611499786376953,28.73783302307129,22.93404197692871,32.64004135131836,20.891582489013672,735,261,1,151.33631896972656,604,4,105,6,1
Prosopis cineraria,24.421527,54.645759,2025-08-12T08:26:36,United Arab Emirates,Abu Dhabi,HUMAN_OBSERVATION,NA,NA,NA,NA,NA,NA,NA,NA,NA,NA,NA,NA,NA,NA,NA,NA,NA,NA,NA,1
Prosopis cineraria,24.949486,56.321056,2025-09-14T07:39:12,United Arab Emirates,Fujayrah,HUMAN_OBSERVATION,27.336156845092773,11.191062927246094,42.761722564697266,561.47686767578125,39.91299819946289,13.742250442504883,26.170747756958008,20.73550033569336,28.19908332824707,33.49537658691406,20.014957427978516,155,40,2,90.44962310791016,91,10,19,75,1
Prosopis cineraria,23.02826,72.43012,2025-09-25,India,NA,HUMAN_OBSERVATION,27.169157028198242,13.986104011535645,45.68905258178711,459.7113342285156,41.678749084472656,11.06725025177002,30.611499786376953,28.73783302307129,22.93404197692871,32.64004135131836,20.891582489013672,735,261,1,151.33631896972656,604,4,105,6,1
Prosopis cineraria,23.02826,72.43012,2025-09-08,India,NA,HUMAN_OBSERVATION,27.169157028198242,13.986104011535645,45.68905258178711,459.7113342285156,41.678749084472656,11.06725025177002,30.611499786376953,28.73783302307129,22.93404197692871,32.64004135131836,20.891582489013672,735,261,1,151.33631896972656,604,4,105,6,1
Prosopis cineraria,32.730476,-114.634049,2025-10-01T16:29:08,United States of America,Arizona,HUMAN_OBSERVATION,NA,NA,NA,NA,NA,NA,NA,NA,NA,NA,NA,NA,NA,NA,NA,NA,NA,NA,NA,1
Prosopis cineraria,24.49283,54.356728,2025-10-14T17:01:19,United Arab Emirates,Abu Dhabi,HUMAN_OBSERVATION,NA,NA,NA,NA,NA,NA,NA,NA,NA,NA,NA,NA,NA,NA,NA,NA,NA,NA,NA,1
Prosopis cineraria,25.225322,55.45002,2025-10-21T16:00:55,United Arab Emirates,Dubay,HUMAN_OBSERVATION,27.32109260559082,12.483570098876953,44.91035461425781,597.59783935546875,40.90594482421875,13.109302520751953,27.796642303466797,20.387123107910156,34.21623611450195,34.21623611450195,19.676313400268555,114,37,0,114.9690933227539,78,3,3,66,1
Prosopis cineraria,28.230222,75.633269,2025-11-04T17:47:27,India,Rajasthan,HUMAN_OBSERVATION,24.882604598999023,15.015917778015137,42.507904052734375,709.768310546875,40.81650161743164,5.491499900817871,35.32500076293945,29.909250259399414,16.304582595825195,32.58512496948242,15.142000198364258,440,143,4,137.98500061035156,351,15,182,20,1
Prosopis cineraria,24.837835,55.375757,2025-11-15T14:09:12,United Arab Emirates,Dubay,HUMAN_OBSERVATION,27.504228591918945,13.845749855041504,46.51063537597656,625.643310546875,41.969749450683594,12.200750350952148,29.768999099731445,20.294584274291992,32.33150100708008,34.69612503051758,19.434125900268555,124,37,2,100.55680084228516,77,7,11,61,1
Prosopis cineraria,30.90774,75.825519,2025-11-15T17:21:20,India,Punjab,HUMAN_OBSERVATION,23.61050033569336,13.019749641418457,38.48097610473633,732.74627685546875,39.69300079345703,5.858749866485596,33.834251403808594,29.44158363342285,19.123125076293945,31.556751251220703,13.759249687194824,651,193,5,118.4181900024414,470,38,254,59,1
Prosopis cineraria,25.994318,50.58304,2025-11-14T12:31:46,Bahrain,Southern,HUMAN_OBSERVATION,NA,NA,NA,NA,NA,NA,NA,NA,NA,NA,NA,NA,NA,NA,NA,NA,NA,NA,NA,1
Prosopis cineraria,24.994152,55.299363,2025-12-08T16:31:10,United Arab Emirates,Dubay,HUMAN_OBSERVATION,27.6174373626709,13.582708358764648,46.142791748046875,621.57647705078125,41.95225143432617,12.515999794006348,29.43625259399414,20.436500549316406,32.52879333496094,34.749542236328125,19.608917236328125,108,34,1,105.8300552368164,70,6,7,56,1
Prosopis cineraria,25.2037,55.440342,2025-12-09T07:30:18,United Arab Emirates,Dubay,HUMAN_OBSERVATION,27.32109260559082,12.483570098876953,44.91035461425781,597.59783935546875,40.90594482421875,13.109302520751953,27.796642303466797,20.387123107910156,34.21623611450195,34.21623611450195,19.676313400268555,114,37,0,114.9690933227539,78,3,3,66,1
Prosopis cineraria,23.886075,54.983108,2025-12-20T15:15:22,United Arab Emirates,Abu Dhabi,HUMAN_OBSERVATION,NA,NA,NA,NA,NA,NA,NA,NA,NA,NA,NA,NA,NA,NA,NA,NA,NA,NA,NA,1
Prosopis cineraria,27.810653,74.435067,2025-12-25T12:00,India,Rajasthan,HUMAN_OBSERVATION,25.733999252319336,15.307791709899902,43.879783630371094,681.2725830078125,40.98175048828125,6.0960001945495605,34.88574981689453,30.55329132080078,17.319374084472656,33.08158493041992,16.367916107177734,367,129,3,141.8838348388672,291,11,173,15,1
Prosopis cineraria,27.810653,74.435067,2025-12-25T10:28,India,Rajasthan,HUMAN_OBSERVATION,25.733999252319336,15.307791709899902,43.879783630371094,681.2725830078125,40.98175048828125,6.0960001945495605,34.88574981689453,30.55329132080078,17.319374084472656,33.08158493041992,16.367916107177734,367,129,3,141.8838348388672,291,11,173,15,1
Prosopis cineraria,26.877989,75.809618,2025-12-14T13:36,India,Rajasthan,HUMAN_OBSERVATION,25.04510498046875,13.548291206359863,41.59490203857422,631.9945068359375,40.06650161743164,7.494500160217285,32.57200241088867,28.750333786010742,17.352540969848633,31.9042911529541,16.311540603637695,612,214,3,151.36993408203125,511,13,269,17,1
Prosopis cineraria,24.8893,55.433234,2025-12-24T16:28:13,United Arab Emirates,Dubay,HUMAN_OBSERVATION,27.504228591918945,13.845749855041504,46.51063537597656,625.643310546875,41.969749450683594,12.200750350952148,29.768999099731445,20.294584274291992,32.33150100708008,34.69612503051758,19.434125900268555,124,37,2,100.55680084228516,77,7,11,61,1
Prosopis cineraria,10.70084,76.95585,2024-01-17,India,NA,HUMAN_OBSERVATION,NA,NA,NA,NA,NA,NA,NA,NA,NA,NA,NA,NA,NA,NA,NA,NA,NA,NA,NA,1
Prosopis cineraria,25.225944,55.447966,2024-01-27T10:37:21,United Arab Emirates,Dubay,HUMAN_OBSERVATION,27.32109260559082,12.483570098876953,44.91035461425781,597.59783935546875,40.90594482421875,13.109302520751953,27.796642303466797,20.387123107910156,34.21623611450195,34.21623611450195,19.676313400268555,114,37,0,114.9690933227539,78,3,3,66,1
Prosopis cineraria,24.78198,55.81512,2024-01-19,United Arab Emirates,NA,HUMAN_OBSERVATION,27.386104583740234,13.869416236877441,46.3984260559082,631.46783447265625,41.731998443603516,11.84000015258789,29.891998291015625,20.149333953857422,31.922958374023438,34.60099792480469,19.200916290283203,147,41,2,95.79663848876953,89,10,13,69,1
Prosopis cineraria,25.220588,55.450165,2024-02-06T15:32:54,United Arab Emirates,Dubay,HUMAN_OBSERVATION,27.32109260559082,12.483570098876953,44.91035461425781,597.59783935546875,40.90594482421875,13.109302520751953,27.796642303466797,20.387123107910156,34.21623611450195,34.21623611450195,19.676313400268555,114,37,0,114.9690933227539,78,3,3,66,1
Prosopis cineraria,25.864285,75.231804,2024-02-18T17:24:38,India,Rajasthan,HUMAN_OBSERVATION,26.093990325927734,13.876811981201172,41.694332122802734,613.11419677734375,41.66725158691406,8.385000228881836,33.282249450683594,28.979000091552734,25.038957595825195,33.00054168701172,17.69529151916504,585,215,1,158.093017578125,505,8,51,11,1
Prosopis cineraria,25.223604,55.453104,2024-02-27T07:04,United Arab Emirates,Dubay,HUMAN_OBSERVATION,27.32109260559082,12.483570098876953,44.91035461425781,597.59783935546875,40.90594482421875,13.109302520751953,27.796642303466797,20.387123107910156,34.21623611450195,34.21623611450195,19.676313400268555,114,37,0,114.9690933227539,78,3,3,66,1
Prosopis cineraria,17.318442,78.403478,2024-02-10,India,Telangana,HUMAN_OBSERVATION,NA,NA,NA,NA,NA,NA,NA,NA,NA,NA,NA,NA,NA,NA,NA,NA,NA,NA,NA,1
Prosopis cineraria,20.549444,77.039169,2024-03-10T10:54:32,India,Maharashtra,HUMAN_OBSERVATION,27.333187103271484,13.053874969482422,45.96718215942383,417.7424621582031,42.44424819946289,14.045999526977539,28.39824867248535,26.758041381835938,23.046125411987305,33.17850112915039,22.471500396728516,757,210,4,122.65402221679688,532,15,149,19,1
Prosopis cineraria,17.50263,78.38629,2024-03-15,India,NA,HUMAN_OBSERVATION,NA,NA,NA,NA,NA,NA,NA,NA,NA,NA,NA,NA,NA,NA,NA,NA,NA,NA,NA,1
Prosopis cineraria,17.45392,78.35902,2024-03-24,India,NA,HUMAN_OBSERVATION,NA,NA,NA,NA,NA,NA,NA,NA,NA,NA,NA,NA,NA,NA,NA,NA,NA,NA,NA,1
Prosopis cineraria,21.72738,73.02163,2024-03-16,India,NA,HUMAN_OBSERVATION,27.451562881469727,13.369999885559082,49.523563385009766,358.3887634277344,39.352500915527344,12.355250358581543,26.997249603271484,28.32437515258789,27.570459365844727,31.774457931518555,22.530542373657227,901,320,0,149.193359375,736,2,128,3,1
Prosopis cineraria,26.470963,73.110472,2024-04-26T07:16:34,India,Rajasthan,HUMAN_OBSERVATION,26.617427825927734,14.1553955078125,43.02421188354492,612.4749755859375,41.465999603271484,8.5649995803833,32.9010009765625,30.156999588012695,19.127290725708008,33.21295928955078,18.096832275390625,406,135,2,141.95469665527344,319,8,189,10,1
Prosopis cineraria,26.252707,72.970335,2024-04-29T19:10:04,India,Rajasthan,HUMAN_OBSERVATION,26.697166442871094,13.583708763122559,42.58649444580078,591.11279296875,41.251251220703125,9.354499816894531,31.896751403808594,29.990291595458984,19.468250274658203,33.05445861816406,18.46120834350586,406,137,2,141.63238525390625,320,8,186,9,1
Prosopis cineraria,25.303095,55.374226,2024-04-27T21:05:29,United Arab Emirates,Sharjah,HUMAN_OBSERVATION,27.32109260559082,12.483570098876953,44.91035461425781,597.59783935546875,40.90594482421875,13.109302520751953,27.796642303466797,20.387123107910156,34.21623611450195,34.21623611450195,19.676313400268555,114,37,0,114.9690933227539,78,3,3,66,1
Prosopis cineraria,24.162725,55.714794,2024-05-25T07:35,United Arab Emirates,Abu Dhabi,HUMAN_OBSERVATION,27.867813110351563,13.060250282287598,43.27344512939453,658.74127197265625,42.4067497253418,12.22599983215332,30.180749893188477,23.888792037963867,35.33112335205078,35.33112335205078,19.28058433532715,126,38,1,104.44659423828125,83,5,5,60,1
Prosopis cineraria,25.338021,76.01789,2024-05-24T13:21:53,India,Rajasthan,HUMAN_OBSERVATION,26.433698654174805,13.372854232788086,39.58690643310547,631.00848388671875,43.049251556396484,9.26824951171875,33.781002044677734,29.065208435058594,25.39441680908203,33.83095932006836,17.946208953857422,692,256,2,160.47984313964844,600,8,60,12,1
Prosopis cineraria,24.70739,46.605543,2024-08-13T12:09:07,Saudi Arabia,Ar Riyad,HUMAN_OBSERVATION,NA,NA,NA,NA,NA,NA,NA,NA,NA,NA,NA,NA,NA,NA,NA,NA,NA,NA,NA,1
Prosopis cineraria,9.59157,76.52215,2024-08-17,India,NA,HUMAN_OBSERVATION,NA,NA,NA,NA,NA,NA,NA,NA,NA,NA,NA,NA,NA,NA,NA,NA,NA,NA,NA,1
Prosopis cineraria,17.348728,42.284548,2024-08-08T08:53:45,Saudi Arabia,Jizan,HUMAN_OBSERVATION,NA,NA,NA,NA,NA,NA,NA,NA,NA,NA,NA,NA,NA,NA,NA,NA,NA,NA,NA,1
Prosopis cineraria,24.959473,55.154608,2024-09-24T08:48:18,United Arab Emirates,Dubay,HUMAN_OBSERVATION,27.711444854736328,12.973234176635742,45.256282806396484,610.9986572265625,41.73100662231445,13.064857482910156,28.666149139404297,20.608224868774414,33.3464241027832,34.692893981933594,19.850645065307617,95,31,0,111.7878646850586,65,4,4,52,1
Prosopis cineraria,27.620125,75.109605,2024-10-13T16:24,India,Rajasthan,HUMAN_OBSERVATION,24.605812072753906,14.672374725341797,42.84312057495117,671.5069580078125,39.947998046875,5.701250076293945,34.24674987792969,29.190292358398438,16.423791885375977,31.9464168548584,15.379083633422852,446,161,3,145.84962463378906,356,13,214,15,1
Prosopis cineraria,24.95932,55.155027,2024-10-26T08:36:43,United Arab Emirates,Dubay,HUMAN_OBSERVATION,27.711444854736328,12.973234176635742,45.256282806396484,610.9986572265625,41.73100662231445,13.064857482910156,28.666149139404297,20.608224868774414,33.3464241027832,34.692893981933594,19.850645065307617,95,31,0,111.7878646850586,65,4,4,52,1
Prosopis cineraria,24.959242,55.155072,2024-10-26T08:41:49,United Arab Emirates,Dubay,HUMAN_OBSERVATION,27.711444854736328,12.973234176635742,45.256282806396484,610.9986572265625,41.73100662231445,13.064857482910156,28.666149139404297,20.608224868774414,33.3464241027832,34.692893981933594,19.850645065307617,95,31,0,111.7878646850586,65,4,4,52,1
Prosopis cineraria,24.829756,55.564941,2024-10-20T09:51,United Arab Emirates,Dubay,HUMAN_OBSERVATION,27.478666305541992,14.009333610534668,46.41926574707031,636.834716796875,42.033748626708984,11.853750228881836,30.17999839782715,23.325082778930664,32.19704055786133,34.77370834350586,19.22974967956543,138,39,2,95.8483657836914,84,10,13,64,1
Prosopis cineraria,25.336251,76.014348,2024-11-01T17:37:19,India,Rajasthan,HUMAN_OBSERVATION,26.433698654174805,13.372854232788086,39.58690643310547,631.00848388671875,43.049251556396484,9.26824951171875,33.781002044677734,29.065208435058594,25.39441680908203,33.83095932006836,17.946208953857422,692,256,2,160.47984313964844,600,8,60,12,1
Prosopis cineraria,24.731237,46.57147,2024-11-24T13:24:36,Saudi Arabia,Ar Riyad,HUMAN_OBSERVATION,NA,NA,NA,NA,NA,NA,NA,NA,NA,NA,NA,NA,NA,NA,NA,NA,NA,NA,NA,1
Prosopis cineraria,25.218064,55.453324,2024-11-28T08:21:45,United Arab Emirates,Dubay,HUMAN_OBSERVATION,27.32109260559082,12.483570098876953,44.91035461425781,597.59783935546875,40.90594482421875,13.109302520751953,27.796642303466797,20.387123107910156,34.21623611450195,34.21623611450195,19.676313400268555,114,37,0,114.9690933227539,78,3,3,66,1
Prosopis cineraria,9.20656,76.60817,2024-11-21,India,NA,HUMAN_OBSERVATION,NA,NA,NA,NA,NA,NA,NA,NA,NA,NA,NA,NA,NA,NA,NA,NA,NA,NA,NA,1
Prosopis cineraria,27.810803,74.433861,2024-12-01T09:46:44,India,Rajasthan,HUMAN_OBSERVATION,25.733999252319336,15.307791709899902,43.879783630371094,681.2725830078125,40.98175048828125,6.0960001945495605,34.88574981689453,30.55329132080078,17.319374084472656,33.08158493041992,16.367916107177734,367,129,3,141.8838348388672,291,11,173,15,1
Prosopis cineraria,25.573143,75.863487,2024-12-03T11:51,India,Rajasthan,HUMAN_OBSERVATION,26.452770233154297,13.09504222869873,39.684654235839844,619.25787353515625,42.32524871826172,9.327500343322754,32.99774932861328,29.08358383178711,25.642791748046875,33.626373291015625,18.079416275024414,680,245,2,159.8000946044922,588,9,60,14,1
Prosopis cineraria,26.824845,70.662368,2024-12-06T12:08:29,India,Rajasthan,HUMAN_OBSERVATION,27.09835433959961,15.895042419433594,45.34412384033203,636.39129638671875,42.532249450683594,7.478000164031982,35.05424880981445,31.35587501525879,19.087541580200195,33.64058303833008,18.065208435058594,183,72,1,161.3525390625,158,4,82,4,1
Prosopis cineraria,25.576529,75.872737,2024-12-03T11:50,India,Rajasthan,HUMAN_OBSERVATION,26.452770233154297,13.09504222869873,39.684654235839844,619.25787353515625,42.32524871826172,9.327500343322754,32.99774932861328,29.08358383178711,25.642791748046875,33.626373291015625,18.079416275024414,680,245,2,159.8000946044922,588,9,60,14,1
Prosopis cineraria,27.014969,71.647033,2024-12-21T09:04:54,India,Rajasthan,HUMAN_OBSERVATION,26.902156829833984,15.510354042053223,43.77499008178711,664.15765380859375,42.665000915527344,7.232999801635742,35.43199920654297,31.327999114990234,22.798625946044922,33.867000579833984,17.54541778564453,166,60,1,146.17738342285156,134,5,79,5,1
Prosopis cineraria,25.182285,55.24037,2024-12-29T12:12:58,United Arab Emirates,Dubay,HUMAN_OBSERVATION,27.414962768554688,11.28270149230957,42.78170394897461,584.6048583984375,40.30908966064453,13.936363220214844,26.372726440429688,20.560606002807617,34.1209602355957,34.1209602355957,19.94772720336914,106,35,0,115.61170196533203,73,2,2,62,1
Prosopis cineraria,25.366762,56.34885,2024-12-29T17:08:06,United Arab Emirates,Sharjah,HUMAN_OBSERVATION,27.716169357299805,9.95796012878418,41.1638298034668,536.79486083984375,39.1716423034668,14.980597496032715,24.191043853759766,21.32611846923828,31.34502410888672,33.60572052001953,20.735820770263672,143,40,0,111.43392181396484,98,2,4,88,1
Prosopis cineraria,25.183071,55.240306,2024-12-29T11:59:12,United Arab Emirates,Dubay,HUMAN_OBSERVATION,27.414962768554688,11.28270149230957,42.78170394897461,584.6048583984375,40.30908966064453,13.936363220214844,26.372726440429688,20.560606002807617,34.1209602355957,34.1209602355957,19.94772720336914,106,35,0,115.61170196533203,73,2,2,62,1
Prosopis cineraria,24.893685,55.765087,2024-12-28T13:28:07,United Arab Emirates,Sharjah,HUMAN_OBSERVATION,27.542186737060547,14.14608383178711,47.476051330566406,618.79803466796875,41.855751037597656,12.059499740600586,29.79625129699707,20.422000885009766,32.02491760253906,34.62575149536133,19.535167694091797,149,41,2,94.5710220336914,89,10,14,71,1
Prosopis cineraria,24.893917,55.764753,2024-12-28T13:37:22,United Arab Emirates,Sharjah,HUMAN_OBSERVATION,27.542186737060547,14.14608383178711,47.476051330566406,618.79803466796875,41.855751037597656,12.059499740600586,29.79625129699707,20.422000885009766,32.02491760253906,34.62575149536133,19.535167694091797,149,41,2,94.5710220336914,89,10,14,71,1
Prosopis cineraria,9.26476,76.78704,2024-12-19,India,NA,HUMAN_OBSERVATION,NA,NA,NA,NA,NA,NA,NA,NA,NA,NA,NA,NA,NA,NA,NA,NA,NA,NA,NA,1
Prosopis cineraria,26.36269,70.501322,2024-12-28T17:00,India,Rajasthan,HUMAN_OBSERVATION,27.27860450744629,16.30699920654297,46.089385986328125,621.791748046875,42.9114990234375,7.530250072479248,35.381248474121094,31.2708740234375,19.435832977294922,33.69987487792969,18.464624404907227,187,71,1,154.90582275390625,160,4,82,4,1
Prosopis cineraria,26.36276,70.491507,2024-12-28T16:49,India,Rajasthan,HUMAN_OBSERVATION,27.29384422302246,16.47835350036621,46.105228424072266,631.913818359375,43.037498474121094,7.296750068664551,35.74074935913086,31.44387435913086,20.955791473388672,33.81395721435547,18.33829116821289,183,70,1,154.95266723632813,157,4,80,4,1
Prosopis cineraria,25.551385,55.819312,2024-12-22T14:43,United Arab Emirates,Umm Al Qaywayn,HUMAN_OBSERVATION,27.5136661529541,13.606694221496582,46.71659851074219,609.42010498046875,41.576454162597656,12.45041561126709,29.12603759765625,20.481348037719727,34.57280731201172,34.57280731201172,19.72308349609375,134,40,0,113.28451538085938,92,3,3,83,1
Prosopis cineraria,25.553826,55.81805,2024-12-22T11:42,United Arab Emirates,Umm Al Qaywayn,HUMAN_OBSERVATION,27.5136661529541,13.606694221496582,46.71659851074219,609.42010498046875,41.576454162597656,12.45041561126709,29.12603759765625,20.481348037719727,34.57280731201172,34.57280731201172,19.72308349609375,134,40,0,113.28451538085938,92,3,3,83,1
Prosopis cineraria,27.979475,73.363097,2024-12-21T16:17:06,India,Rajasthan,HUMAN_OBSERVATION,26.31096839904785,15.154396057128906,42.4296760559082,729.67547607421875,41.82875061035156,6.112249851226807,35.71649932861328,31.731332778930664,21.71754264831543,34.10008239746094,16.236499786376953,302,103,2,127.60433197021484,221,10,151,15,1
Prosopis cineraria,25.069614,55.24307,2023-01-17T11:30:48,United Arab Emirates,Dubay,HUMAN_OBSERVATION,27.60400390625,12.717489242553711,45.18278884887695,602.88421630859375,41.33896255493164,13.192207336425781,28.14675521850586,20.58627700805664,34.521949768066406,34.521949768066406,19.872814178466797,105,34,0,113.12736511230469,71,3,3,59,1
Prosopis cineraria,25.191773,55.310772,2023-01-04T10:10:05,United Arab Emirates,Dubay,HUMAN_OBSERVATION,27.414962768554688,11.28270149230957,42.78170394897461,584.6048583984375,40.30908966064453,13.936363220214844,26.372726440429688,20.560606002807617,34.1209602355957,34.1209602355957,19.94772720336914,106,35,0,115.61170196533203,73,2,2,62,1
Prosopis cineraria,24.788014,55.605609,2023-01-05T16:51:24,United Arab Emirates,Dubay,HUMAN_OBSERVATION,27.478666305541992,14.009333610534668,46.41926574707031,636.834716796875,42.033748626708984,11.853750228881836,30.17999839782715,23.325082778930664,32.19704055786133,34.77370834350586,19.22974967956543,138,39,2,95.8483657836914,84,10,13,64,1
Prosopis cineraria,24.796384,55.610845,2023-01-05T08:34:57,United Arab Emirates,Dubay,HUMAN_OBSERVATION,27.478666305541992,14.009333610534668,46.41926574707031,636.834716796875,42.033748626708984,11.853750228881836,30.17999839782715,23.325082778930664,32.19704055786133,34.77370834350586,19.22974967956543,138,39,2,95.8483657836914,84,10,13,64,1
Prosopis cineraria,25.143651,55.865369,2023-03-18T11:46,United Arab Emirates,Sharjah,HUMAN_OBSERVATION,27.473020553588867,13.540291786193848,46.674163818359375,605.96978759765625,41.417999267578125,12.407750129699707,29.010250091552734,20.476999282836914,31.77950096130371,34.399417877197266,19.647249221801758,159,43,2,94.63045501708984,96,10,15,78,1
Prosopis cineraria,25.03422,56.196717,2023-03-21T11:14,United Arab Emirates,Ras Al Khaymah,HUMAN_OBSERVATION,26.843334197998047,10.704000473022461,41.791683197021484,558.89691162109375,39.098751068115234,13.486000061035156,25.612751007080078,20.258209228515625,27.741958618164063,32.96970748901367,19.55525016784668,180,43,2,84.23283386230469,100,12,30,82,1
Prosopis cineraria,25.262466,55.664171,2023-03-22T08:31,United Arab Emirates,Sharjah,HUMAN_OBSERVATION,27.176990509033203,13.724812507629395,46.75021743774414,612.57208251953125,41.48125076293945,12.123499870300293,29.357749938964844,20.123083114624023,31.913665771484375,34.2720832824707,19.32237434387207,133,39,1,103.7537841796875,85,6,8,72,1
Prosopis cineraria,24.45413,54.378978,2023-03-14T12:19:44,United Arab Emirates,Abu Dhabi,HUMAN_OBSERVATION,NA,NA,NA,NA,NA,NA,NA,NA,NA,NA,NA,NA,NA,NA,NA,NA,NA,NA,NA,1
Prosopis cineraria,24.291419,52.638231,2023-03-08T09:44,United Arab Emirates,Abu Dhabi,HUMAN_OBSERVATION,NA,NA,NA,NA,NA,NA,NA,NA,NA,NA,NA,NA,NA,NA,NA,NA,NA,NA,NA,1
Prosopis cineraria,26.825587,76.695228,2023-03-21T10:00:02,India,Rajasthan,HUMAN_OBSERVATION,25.707916259765625,14.320916175842285,41.21601486206055,667.80322265625,41.98550033569336,7.239500045776367,34.746002197265625,29.385957717895508,24.217666625976563,33.05233383178711,16.577667236328125,661,253,2,154.6167449951172,568,14,250,18,1
Prosopis cineraria,24.850834,55.701402,2023-04-06T07:09:11,United Arab Emirates,Sharjah,HUMAN_OBSERVATION,27.542186737060547,14.14608383178711,47.476051330566406,618.79803466796875,41.855751037597656,12.059499740600586,29.79625129699707,20.422000885009766,32.02491760253906,34.62575149536133,19.535167694091797,149,41,2,94.5710220336914,89,10,14,71,1
Prosopis cineraria,25.377503,76.006005,2023-04-28T11:01:23,India,Rajasthan,HUMAN_OBSERVATION,26.433698654174805,13.372854232788086,39.58690643310547,631.00848388671875,43.049251556396484,9.26824951171875,33.781002044677734,29.065208435058594,25.39441680908203,33.83095932006836,17.946208953857422,692,256,2,160.47984313964844,600,8,60,12,1
Prosopis cineraria,24.801422,55.624988,2023-04-17T17:10:13,United Arab Emirates,Dubay,HUMAN_OBSERVATION,27.478666305541992,14.009333610534668,46.41926574707031,636.834716796875,42.033748626708984,11.853750228881836,30.17999839782715,23.325082778930664,32.19704055786133,34.77370834350586,19.22974967956543,138,39,2,95.8483657836914,84,10,13,64,1
Prosopis cineraria,25.994205,50.582878,2023-05-22T12:22:10,Bahrain,Southern,HUMAN_OBSERVATION,NA,NA,NA,NA,NA,NA,NA,NA,NA,NA,NA,NA,NA,NA,NA,NA,NA,NA,NA,1
Prosopis cineraria,26.843606,75.802418,2023-06-21T16:01,India,Rajasthan,HUMAN_OBSERVATION,25.04510498046875,13.548291206359863,41.59490203857422,631.9945068359375,40.06650161743164,7.494500160217285,32.57200241088867,28.750333786010742,17.352540969848633,31.9042911529541,16.311540603637695,612,214,3,151.36993408203125,511,13,269,17,1
Prosopis cineraria,26.843585,75.802405,2023-07-09T18:38:29,India,Rajasthan,HUMAN_OBSERVATION,25.04510498046875,13.548291206359863,41.59490203857422,631.9945068359375,40.06650161743164,7.494500160217285,32.57200241088867,28.750333786010742,17.352540969848633,31.9042911529541,16.311540603637695,612,214,3,151.36993408203125,511,13,269,17,1
Prosopis cineraria,25.397226,55.715846,2023-07-22T22:11,United Arab Emirates,Sharjah,HUMAN_OBSERVATION,27.45061492919922,14.091062545776367,47.37446975708008,615.1614990234375,41.87200164794922,12.128000259399414,29.744001388549805,20.38016700744629,32.11341857910156,34.58637619018555,19.57258415222168,142,41,1,104.79832458496094,92,6,7,81,1
Prosopis cineraria,9.43883,77.56629,2023-07-15,India,NA,HUMAN_OBSERVATION,NA,NA,NA,NA,NA,NA,NA,NA,NA,NA,NA,NA,NA,NA,NA,NA,NA,NA,NA,1
Prosopis cineraria,9.43883,77.56629,2023-07-15,India,NA,HUMAN_OBSERVATION,NA,NA,NA,NA,NA,NA,NA,NA,NA,NA,NA,NA,NA,NA,NA,NA,NA,NA,NA,1
Prosopis cineraria,25.673,55.969,2023-07-25,United Arab Emirates,Ras al-Khaymah,MATERIAL_SAMPLE,27.561437606811523,11.70688247680664,43.417415618896484,595.1937255859375,40.41255187988281,13.44898796081543,26.963563919067383,20.634075164794922,34.41450881958008,34.41450881958008,19.947031021118164,142,41,0,115.85537719726563,99,1,1,92,1
Prosopis cineraria,26.861264,75.791469,2023-08-07T16:57:40,India,Rajasthan,HUMAN_OBSERVATION,25.04510498046875,13.548291206359863,41.59490203857422,631.9945068359375,40.06650161743164,7.494500160217285,32.57200241088867,28.750333786010742,17.352540969848633,31.9042911529541,16.311540603637695,612,214,3,151.36993408203125,511,13,269,17,1
Prosopis cineraria,26.457131,57.895476,2023-08-20T17:13,Iran (Islamic Republic of),Hormozgan,HUMAN_OBSERVATION,24.08539581298828,8.97612476348877,38.135826110839844,547.967529296875,34.88800048828125,11.350749969482422,23.537250518798828,17.70866584777832,24.981416702270508,30.299583435058594,16.944583892822266,274,46,7,61.42710876464844,126,29,64,112,1
Prosopis cineraria,27.512519,57.85161,2023-08-20T11:40,Iran (Islamic Republic of),Kerman,HUMAN_OBSERVATION,25.149093627929688,10.256479263305664,37.302730560302734,667.01031494140625,37.816001892089844,10.32075023651123,27.495250701904297,17.634624481201172,31.98120880126953,32.887290954589844,16.493083953857422,220,47,3,84.9437255859375,129,21,21,111,1
Prosopis cineraria,27.532846,57.888773,2023-08-20T11:25,Iran (Islamic Republic of),Kerman,HUMAN_OBSERVATION,25.149093627929688,10.256479263305664,37.302730560302734,667.01031494140625,37.816001892089844,10.32075023651123,27.495250701904297,17.634624481201172,31.98120880126953,32.887290954589844,16.493083953857422,220,47,3,84.9437255859375,129,21,21,111,1
Prosopis cineraria,26.842589,75.815347,2023-09-21T12:38,India,Rajasthan,HUMAN_OBSERVATION,25.04510498046875,13.548291206359863,41.59490203857422,631.9945068359375,40.06650161743164,7.494500160217285,32.57200241088867,28.750333786010742,17.352540969848633,31.9042911529541,16.311540603637695,612,214,3,151.36993408203125,511,13,269,17,1
Prosopis cineraria,23.17712,72.65044,2023-09-13,India,Gujarat,HUMAN_OBSERVATION,27.05453109741211,13.922478675842285,45.773536682128906,462.886962890625,41.48699951171875,11.071000099182129,30.416000366210938,28.63941764831543,26.637001037597656,32.5589599609375,20.727375030517578,716,264,1,151.94830322265625,596,4,93,6,1
Prosopis cineraria,23.154419999999998,72.65347,2023-09-13,India,Gujarat,HUMAN_OBSERVATION,27.364009857177734,13.446603775024414,45.85880661010742,445.2445068359375,41.20349884033203,11.881750106811523,29.321748733520508,28.865041732788086,23.267791748046875,32.632957458496094,21.249000549316406,759,268,1,151.73899841308594,624,4,109,6,1
Prosopis cineraria,23.12276,72.61926,2023-09-15,India,Gujarat,HUMAN_OBSERVATION,27.364009857177734,13.446603775024414,45.85880661010742,445.2445068359375,41.20349884033203,11.881750106811523,29.321748733520508,28.865041732788086,23.267791748046875,32.632957458496094,21.249000549316406,759,268,1,151.73899841308594,624,4,109,6,1
Prosopis cineraria,23.21728,72.66303,2023-09-11,India,Gujarat,HUMAN_OBSERVATION,27.05453109741211,13.922478675842285,45.773536682128906,462.886962890625,41.48699951171875,11.071000099182129,30.416000366210938,28.63941764831543,26.637001037597656,32.5589599609375,20.727375030517578,716,264,1,151.94830322265625,596,4,93,6,1
Prosopis cineraria,23.22268,72.6617,2023-09-11,India,Gujarat,HUMAN_OBSERVATION,27.05453109741211,13.922478675842285,45.773536682128906,462.886962890625,41.48699951171875,11.071000099182129,30.416000366210938,28.63941764831543,26.637001037597656,32.5589599609375,20.727375030517578,716,264,1,151.94830322265625,596,4,93,6,1
Prosopis cineraria,23.11651,72.61184,2023-09-16,India,Gujarat,HUMAN_OBSERVATION,27.364009857177734,13.446603775024414,45.85880661010742,445.2445068359375,41.20349884033203,11.881750106811523,29.321748733520508,28.865041732788086,23.267791748046875,32.632957458496094,21.249000549316406,759,268,1,151.73899841308594,624,4,109,6,1
Prosopis cineraria,25.977216,51.045749,2023-09-13T13:21:54,Qatar,Madinat ash Shamal,HUMAN_OBSERVATION,NA,NA,NA,NA,NA,NA,NA,NA,NA,NA,NA,NA,NA,NA,NA,NA,NA,NA,NA,1
Prosopis cineraria,25.536845,55.623867,2023-10-23T09:58:49,United Arab Emirates,Umm Al Qaywayn,HUMAN_OBSERVATION,27.141862869262695,12.090324401855469,44.33485794067383,590.6390380859375,40.29127502441406,13.020805358886719,27.270469665527344,20.275503158569336,33.95883560180664,33.95883560180664,19.59697914123535,125,39,0,116.8289566040039,87,1,1,79,1
Prosopis cineraria,23.907372,54.941372,2023-10-22T17:29:10,United Arab Emirates,Abu Dhabi,HUMAN_OBSERVATION,NA,NA,NA,NA,NA,NA,NA,NA,NA,NA,NA,NA,NA,NA,NA,NA,NA,NA,NA,1
Prosopis cineraria,30.216244,75.01799,2023-10-20T11:52:20.428Z,India,NA,HUMAN_OBSERVATION,24.14511489868164,13.958354949951172,40.05496597290039,749.2760009765625,40.51974868774414,5.671750068664551,34.847999572753906,30.200666427612305,15.360958099365234,32.277626037597656,14.07479190826416,394,113,2,120.54708862304688,295,23,143,35,1
Prosopis cineraria,24.596125,55.609347,2023-11-26T16:55:07,United Arab Emirates,Abu Dhabi,HUMAN_OBSERVATION,27.635051727294922,13.932062149047852,45.85630416870117,647.600341796875,42.23925018310547,11.857250213623047,30.381999969482422,23.51416778564453,32.3848762512207,35.0369987487793,19.233291625976563,134,39,2,99.549468994140625,84,9,10,63,1
Prosopis cineraria,25.994142,50.583271,2023-11-03T12:10:57,Bahrain,Southern,HUMAN_OBSERVATION,NA,NA,NA,NA,NA,NA,NA,NA,NA,NA,NA,NA,NA,NA,NA,NA,NA,NA,NA,1
Prosopis cineraria,26.841621,75.820641,2023-12-06T12:09:17,India,Rajasthan,HUMAN_OBSERVATION,25.04510498046875,13.548291206359863,41.59490203857422,631.9945068359375,40.06650161743164,7.494500160217285,32.57200241088867,28.750333786010742,17.352540969848633,31.9042911529541,16.311540603637695,612,214,3,151.36993408203125,511,13,269,17,1
Prosopis cineraria,26.8423,75.8214,2023-12-07,India,NA,HUMAN_OBSERVATION,25.04510498046875,13.548291206359863,41.59490203857422,631.9945068359375,40.06650161743164,7.494500160217285,32.57200241088867,28.750333786010742,17.352540969848633,31.9042911529541,16.311540603637695,612,214,3,151.36993408203125,511,13,269,17,1
Prosopis cineraria,26.8416,75.8206,2023-12-05,India,NA,HUMAN_OBSERVATION,25.04510498046875,13.548291206359863,41.59490203857422,631.9945068359375,40.06650161743164,7.494500160217285,32.57200241088867,28.750333786010742,17.352540969848633,31.9042911529541,16.311540603637695,612,214,3,151.36993408203125,511,13,269,17,1
Prosopis cineraria,24.965,55.145,2023-12-11T14:43,United Arab Emirates,Dubay,HUMAN_OBSERVATION,27.711444854736328,12.973234176635742,45.256282806396484,610.9986572265625,41.73100662231445,13.064857482910156,28.666149139404297,20.608224868774414,33.3464241027832,34.692893981933594,19.850645065307617,95,31,0,111.7878646850586,65,4,4,52,1
Prosopis cineraria,23.686159,58.578376,2023-12-24T15:45,Oman,Muscat,HUMAN_OBSERVATION,NA,NA,NA,NA,NA,NA,NA,NA,NA,NA,NA,NA,NA,NA,NA,NA,NA,NA,NA,1
Prosopis cineraria,26.840327,75.822949,2023-12-08T08:05:41,India,Rajasthan,HUMAN_OBSERVATION,25.04510498046875,13.548291206359863,41.59490203857422,631.9945068359375,40.06650161743164,7.494500160217285,32.57200241088867,28.750333786010742,17.352540969848633,31.9042911529541,16.311540603637695,612,214,3,151.36993408203125,511,13,269,17,1
Prosopis cineraria,23.611531,58.587692,2023-12-24T15:45,Oman,Muscat,HUMAN_OBSERVATION,26.941917419433594,9.146566390991211,40.136940002441406,488.2220153808594,38.06760025024414,15.279199600219727,22.788400650024414,21.360599517822266,27.28499984741211,32.57426834106445,20.51026725769043,122,23,1,67.21391296386719,61,9,16,55,1
Prosopis cineraria,25.597976,55.800016,2022-03-12T16:00,United Arab Emirates,Umm Al Qaywayn,HUMAN_OBSERVATION,27.5136661529541,13.606694221496582,46.71659851074219,609.42010498046875,41.576454162597656,12.45041561126709,29.12603759765625,20.481348037719727,34.57280731201172,34.57280731201172,19.72308349609375,134,40,0,113.28451538085938,92,3,3,83,1
Prosopis cineraria,11.030401,79.342084,2022-03-20T08:13:08,India,Tamil Nadu,HUMAN_OBSERVATION,NA,NA,NA,NA,NA,NA,NA,NA,NA,NA,NA,NA,NA,NA,NA,NA,NA,NA,NA,1
Prosopis cineraria,24.955446,55.713355,2022-03-25T16:40,United Arab Emirates,Sharjah,HUMAN_OBSERVATION,27.542186737060547,14.14608383178711,47.476051330566406,618.79803466796875,41.855751037597656,12.059499740600586,29.79625129699707,20.422000885009766,32.02491760253906,34.62575149536133,19.535167694091797,149,41,2,94.5710220336914,89,10,14,71,1
Prosopis cineraria,25.034673,55.239732,2022-04-15T17:01Z,United Arab Emirates,Dubay,HUMAN_OBSERVATION,27.60400390625,12.717489242553711,45.18278884887695,602.88421630859375,41.33896255493164,13.192207336425781,28.14675521850586,20.58627700805664,34.521949768066406,34.521949768066406,19.872814178466797,105,34,0,113.12736511230469,71,3,3,59,1
Prosopis cineraria,27.297963,75.815626,2022-04-21,India,NA,HUMAN_OBSERVATION,24.163530349731445,14.176604270935059,42.216461181640625,653.7254638671875,39.590248107910156,6.009500026702881,33.58074951171875,28.252416610717773,16.284334182739258,31.255416870117188,15.107375144958496,572,205,2,153.6551971435547,490,13,237,17,1
Prosopis cineraria,17.50263,78.38629,2022-04-22,India,NA,HUMAN_OBSERVATION,NA,NA,NA,NA,NA,NA,NA,NA,NA,NA,NA,NA,NA,NA,NA,NA,NA,NA,NA,1
Prosopis cineraria,25.389433,56.305933,2022-04-20,United Arab Emirates,NA,PRESERVED_SPECIMEN,26.267541885375977,10.180375099182129,40.47581100463867,569.43218994140625,38.20100021362305,13.049249649047852,25.151750564575195,19.57729148864746,27.241792678833008,32.5752067565918,18.85733413696289,211,48,2,83.7257080078125,117,14,36,98,1
Prosopis cineraria,24.600241,73.705638,2022-05-30,India,NA,HUMAN_OBSERVATION,24.77676010131836,12.195854187011719,41.18238067626953,508.0747375488281,38.782501220703125,9.16825008392334,29.61425018310547,26.502792358398438,17.808124542236328,30.832082748413086,17.808124542236328,640,201,2,142.16651916503906,519,8,84,8,1
Prosopis cineraria,25.99373,50.582887,2022-06-05T12:09:40,Bahrain,Southern,HUMAN_OBSERVATION,NA,NA,NA,NA,NA,NA,NA,NA,NA,NA,NA,NA,NA,NA,NA,NA,NA,NA,NA,1
Prosopis cineraria,24.378388,54.548592,2022-08-09T10:11:13,United Arab Emirates,Abu Dhabi,HUMAN_OBSERVATION,NA,NA,NA,NA,NA,NA,NA,NA,NA,NA,NA,NA,NA,NA,NA,NA,NA,NA,NA,1
Prosopis cineraria,17.50263,78.38629,2022-08-19,India,NA,HUMAN_OBSERVATION,NA,NA,NA,NA,NA,NA,NA,NA,NA,NA,NA,NA,NA,NA,NA,NA,NA,NA,NA,1
Prosopis cineraria,26.956603,70.886438,2022-09-16T18:09:34,India,Rajasthan,HUMAN_OBSERVATION,27.047916412353516,14.781707763671875,43.569801330566406,633.0382080078125,42.20349884033203,8.277000427246094,33.92649841308594,31.163707733154297,23.193416595458984,33.52012634277344,18.039417266845703,197,78,1,164.00376892089844,169,6,91,6,1
Prosopis cineraria,23.879063,55.038181,2022-11-27T15:10:31,United Arab Emirates,Abu Dhabi,HUMAN_OBSERVATION,28.262615203857422,13.884437561035156,45.00081253051758,661.51983642578125,43.16899871826172,12.315250396728516,30.853748321533203,24.100582122802734,35.78324890136719,35.78324890136719,19.650917053222656,98,30,1,100.28958892822266,64,6,6,45,1
Prosopis cineraria,25.184622,55.252416,2022-12-29T11:31,United Arab Emirates,Dubay,HUMAN_OBSERVATION,27.414962768554688,11.28270149230957,42.78170394897461,584.6048583984375,40.30908966064453,13.936363220214844,26.372726440429688,20.560606002807617,34.1209602355957,34.1209602355957,19.94772720336914,106,35,0,115.61170196533203,73,2,2,62,1
Prosopis cineraria,23.461821,71.287421,2021-02-23T03:13,India,Gujarat,HUMAN_OBSERVATION,27.587228775024414,14.287917137145996,47.296104431152344,440.0251159667969,41.136749267578125,10.927249908447266,30.20949935913086,29.02870750427246,21.44391632080078,32.64116668701172,21.44391632080078,528,217,1,156.72862243652344,453,3,56,3,1
Prosopis cineraria,25.292101,55.739028,2021-02-05T13:42,United Arab Emirates,Sharjah,HUMAN_OBSERVATION,27.356082916259766,14.080792427062988,47.33755111694336,616.2421875,41.75825119018555,12.012749671936035,29.745502471923828,20.26941680908203,31.954750061035156,34.48225021362305,19.438791275024414,149,41,2,97.41207122802734,92,9,12,77,1
Prosopis cineraria,25.205854,56.234327,2021-04-01T08:00,United Arab Emirates,Fujayrah,HUMAN_OBSERVATION,26.252134323120117,10.341562271118164,40.829345703125,566.9039306640625,38.329498291015625,13.000749588012695,25.32874870300293,19.58562469482422,27.194416046142578,32.51016616821289,18.871707916259766,207,47,3,81.74640655517578,112,15,37,92,1
Prosopis cineraria,25.194441,56.215532,2021-04-05T09:27Z,United Arab Emirates,Fujayrah,HUMAN_OBSERVATION,26.252134323120117,10.341562271118164,40.829345703125,566.9039306640625,38.329498291015625,13.000749588012695,25.32874870300293,19.58562469482422,27.194416046142578,32.51016616821289,18.871707916259766,207,47,3,81.74640655517578,112,15,37,92,1
Prosopis cineraria,22.7534,77.7397,2021-04-21,India,NA,HUMAN_OBSERVATION,26.380125045776367,12.6155424118042,41.476661682128906,495.8380126953125,42.63100051879883,12.21500015258789,30.416000366210938,26.828083038330078,26.94295883178711,33.11729049682617,20.413583755493164,1230,409,3,148.44537353515625,1037,14,117,29,1
Prosopis cineraria,25.041516,56.318171,2021-05-18T08:52,United Arab Emirates,Fujayrah,HUMAN_OBSERVATION,26.843334197998047,10.704000473022461,41.791683197021484,558.89691162109375,39.098751068115234,13.486000061035156,25.612751007080078,20.258209228515625,27.741958618164063,32.96970748901367,19.55525016784668,180,43,2,84.23283386230469,100,12,30,82,1
Prosopis cineraria,25.994138,50.583005,2021-05-16T13:17:07Z,Bahrain,Southern,HUMAN_OBSERVATION,NA,NA,NA,NA,NA,NA,NA,NA,NA,NA,NA,NA,NA,NA,NA,NA,NA,NA,NA,1
Prosopis cineraria,25.535353,55.598378,2021-05-28T14:33,United Arab Emirates,Umm Al Qaywayn,HUMAN_OBSERVATION,27.141862869262695,12.090324401855469,44.33485794067383,590.6390380859375,40.29127502441406,13.020805358886719,27.270469665527344,20.275503158569336,33.95883560180664,33.95883560180664,19.59697914123535,125,39,0,116.8289566040039,87,1,1,79,1
Prosopis cineraria,25.194727,56.215646,2021-05-25T07:28,United Arab Emirates,Fujayrah,HUMAN_OBSERVATION,26.252134323120117,10.341562271118164,40.829345703125,566.9039306640625,38.329498291015625,13.000749588012695,25.32874870300293,19.58562469482422,27.194416046142578,32.51016616821289,18.871707916259766,207,47,3,81.74640655517578,112,15,37,92,1
Prosopis cineraria,18.96081,73.38211,2021-06-06,India,NA,HUMAN_OBSERVATION,NA,NA,NA,NA,NA,NA,NA,NA,NA,NA,NA,NA,NA,NA,NA,NA,NA,NA,NA,1
Prosopis cineraria,24.780083,71.64367,2021-07-04T11:39:55,India,Rajasthan,HUMAN_OBSERVATION,27.670207977294922,15.446125030517578,46.914127349853516,518.62518310546875,42.68450164794922,9.760250091552734,32.924251556396484,29.951875686645508,20.53670883178711,33.516666412353516,20.53670883178711,381,150,1,157.22900390625,336,4,26,4,1
Prosopis cineraria,24.932847,55.362388,2021-10-23T16:45:59,United Arab Emirates,Dubay,HUMAN_OBSERVATION,27.504228591918945,13.845749855041504,46.51063537597656,625.643310546875,41.969749450683594,12.200750350952148,29.768999099731445,20.294584274291992,32.33150100708008,34.69612503051758,19.434125900268555,124,37,2,100.55680084228516,77,7,11,61,1
Prosopis cineraria,25.735537,55.884353,2021-11-04T07:12:34,United Arab Emirates,Ras Al Khaymah,HUMAN_OBSERVATION,27.561437606811523,11.70688247680664,43.417415618896484,595.1937255859375,40.41255187988281,13.44898796081543,26.963563919067383,20.634075164794922,34.41450881958008,34.41450881958008,19.947031021118164,142,41,0,115.85537719726563,99,1,1,92,1
Prosopis cineraria,25.471,55.533,2021-11-15,United Arab Emirates,Sharjah,MATERIAL_SAMPLE,27.206878662109375,13.365346908569336,46.323394775390625,605.267578125,41.25251388549805,12.400251388549805,28.852262496948242,20.22365951538086,34.221065521240234,34.221065521240234,19.463693618774414,126,39,0,113.22575378417969,86,3,3,75,1
Prosopis cineraria,25.541,55.653,2021-11-15,United Arab Emirates,Umm al-Qaywayn,MATERIAL_SAMPLE,27.141862869262695,12.090324401855469,44.33485794067383,590.6390380859375,40.29127502441406,13.020805358886719,27.270469665527344,20.275503158569336,33.95883560180664,33.95883560180664,19.59697914123535,125,39,0,116.8289566040039,87,1,1,79,1
Prosopis cineraria,25.540854,55.652961,2021-11-15,United Arab Emirates,NA,PRESERVED_SPECIMEN,27.141862869262695,12.090324401855469,44.33485794067383,590.6390380859375,40.29127502441406,13.020805358886719,27.270469665527344,20.275503158569336,33.95883560180664,33.95883560180664,19.59697914123535,125,39,0,116.8289566040039,87,1,1,79,1
Prosopis cineraria,25.471021,55.533414,2021-11-15,United Arab Emirates,NA,PRESERVED_SPECIMEN,27.206878662109375,13.365346908569336,46.323394775390625,605.267578125,41.25251388549805,12.400251388549805,28.852262496948242,20.22365951538086,34.221065521240234,34.221065521240234,19.463693618774414,126,39,0,113.22575378417969,86,3,3,75,1
Prosopis cineraria,26.817257,76.70165,2021-12-26T12:22:39,India,Rajasthan,HUMAN_OBSERVATION,25.707916259765625,14.320916175842285,41.21601486206055,667.80322265625,41.98550033569336,7.239500045776367,34.746002197265625,29.385957717895508,24.217666625976563,33.05233383178711,16.577667236328125,661,253,2,154.6167449951172,568,14,250,18,1
Prosopis cineraria,26.817257,76.70165,2021-12-26T12:23:50,India,Rajasthan,HUMAN_OBSERVATION,25.707916259765625,14.320916175842285,41.21601486206055,667.80322265625,41.98550033569336,7.239500045776367,34.746002197265625,29.385957717895508,24.217666625976563,33.05233383178711,16.577667236328125,661,253,2,154.6167449951172,568,14,250,18,1
Prosopis cineraria,26.817257,76.70165,2021-12-26T12:23:50,India,Rajasthan,HUMAN_OBSERVATION,25.707916259765625,14.320916175842285,41.21601486206055,667.80322265625,41.98550033569336,7.239500045776367,34.746002197265625,29.385957717895508,24.217666625976563,33.05233383178711,16.577667236328125,661,253,2,154.6167449951172,568,14,250,18,1
Prosopis cineraria,20.431537,55.90485,2021,Oman,NA,HUMAN_OBSERVATION,28.290895462036133,14.061666488647461,47.6371955871582,558.77764892578125,42.59450149536133,13.076250076293945,29.518251419067383,25.524999618530273,33.32554244995117,34.56800079345703,20.915542602539063,100,24,0,88.97999572753906,60,3,5,47,1
Prosopis cineraria,20.70364,56.30416,2021,Oman,NA,HUMAN_OBSERVATION,28.393083572387695,13.933624267578125,47.40093994140625,558.2091064453125,42.60499954223633,13.209750175476074,29.395248413085938,25.608083724975586,33.367332458496094,34.59770965576172,20.999624252319336,101,25,0,90.38844299316406,62,3,5,47,1
Prosopis cineraria,25.159175,55.255941,2020-01-24T09:05:35,United Arab Emirates,Dubay,HUMAN_OBSERVATION,27.60400390625,12.717489242553711,45.18278884887695,602.88421630859375,41.33896255493164,13.192207336425781,28.14675521850586,20.58627700805664,34.521949768066406,34.521949768066406,19.872814178466797,105,34,0,113.12736511230469,71,3,3,59,1
Prosopis cineraria,25.437721,56.168707,2020-02-25T10:11,United Arab Emirates,Fujayrah,HUMAN_OBSERVATION,26.267541885375977,10.180375099182129,40.47581100463867,569.43218994140625,38.20100021362305,13.049249649047852,25.151750564575195,19.57729148864746,27.241792678833008,32.5752067565918,18.85733413696289,211,48,2,83.7257080078125,117,14,36,98,1
Prosopis cineraria,22.606243,58.158945,2020-02-19T09:04,Oman,Ash Sharqiyah North,HUMAN_OBSERVATION,27.108020782470703,12.966583251953125,48.31246566772461,499.8902282714844,40.31425094604492,13.475250244140625,26.839000701904297,24.525333404541016,29.531875610351563,32.876583099365234,20.526708602905273,131,32,1,85.387603759765625,77,6,17,56,1
Prosopis cineraria,25.417504,56.167002,2020-03-20T10:07,United Arab Emirates,Fujayrah,HUMAN_OBSERVATION,26.267541885375977,10.180375099182129,40.47581100463867,569.43218994140625,38.20100021362305,13.049249649047852,25.151750564575195,19.57729148864746,27.241792678833008,32.5752067565918,18.85733413696289,211,48,2,83.7257080078125,117,14,36,98,1
Prosopis cineraria,19.835202,75.291907,2020-03-14T16:14:41,India,Maharashtra,HUMAN_OBSERVATION,NA,NA,NA,NA,NA,NA,NA,NA,NA,NA,NA,NA,NA,NA,NA,NA,NA,NA,NA,1
Prosopis cineraria,18.415873,73.916855,2020-07-01,India,NA,HUMAN_OBSERVATION,NA,NA,NA,NA,NA,NA,NA,NA,NA,NA,NA,NA,NA,NA,NA,NA,NA,NA,NA,1
Prosopis cineraria,25.02952,55.278296,2020-08-10T07:34,United Arab Emirates,Dubay,HUMAN_OBSERVATION,27.60400390625,12.717489242553711,45.18278884887695,602.88421630859375,41.33896255493164,13.192207336425781,28.14675521850586,20.58627700805664,34.521949768066406,34.521949768066406,19.872814178466797,105,34,0,113.12736511230469,71,3,3,59,1
Prosopis cineraria,25.221017,55.279342,2020-09-18T12:34:36,United Arab Emirates,Dubay,HUMAN_OBSERVATION,27.414962768554688,11.28270149230957,42.78170394897461,584.6048583984375,40.30908966064453,13.936363220214844,26.372726440429688,20.560606002807617,34.1209602355957,34.1209602355957,19.94772720336914,106,35,0,115.61170196533203,73,2,2,62,1
Prosopis cineraria,25.031211,55.280306,2020-09-17T09:35,United Arab Emirates,Dubay,HUMAN_OBSERVATION,27.60400390625,12.717489242553711,45.18278884887695,602.88421630859375,41.33896255493164,13.192207336425781,28.14675521850586,20.58627700805664,34.521949768066406,34.521949768066406,19.872814178466797,105,34,0,113.12736511230469,71,3,3,59,1
Prosopis cineraria,25.02952,55.278296,2020-10-19T08:52,United Arab Emirates,Dubay,HUMAN_OBSERVATION,27.60400390625,12.717489242553711,45.18278884887695,602.88421630859375,41.33896255493164,13.192207336425781,28.14675521850586,20.58627700805664,34.521949768066406,34.521949768066406,19.872814178466797,105,34,0,113.12736511230469,71,3,3,59,1
Prosopis cineraria,25.02952,55.278296,2020-10-19T08:47,United Arab Emirates,Dubay,HUMAN_OBSERVATION,27.60400390625,12.717489242553711,45.18278884887695,602.88421630859375,41.33896255493164,13.192207336425781,28.14675521850586,20.58627700805664,34.521949768066406,34.521949768066406,19.872814178466797,105,34,0,113.12736511230469,71,3,3,59,1
Prosopis cineraria,25.02952,55.278296,2020-11-03T10:22,United Arab Emirates,Dubay,HUMAN_OBSERVATION,27.60400390625,12.717489242553711,45.18278884887695,602.88421630859375,41.33896255493164,13.192207336425781,28.14675521850586,20.58627700805664,34.521949768066406,34.521949768066406,19.872814178466797,105,34,0,113.12736511230469,71,3,3,59,1
Prosopis cineraria,24.546082,55.659863,2019-01-21,United Arab Emirates,Abu Dhabi,MATERIAL_SAMPLE,27.635051727294922,13.932062149047852,45.85630416870117,647.600341796875,42.23925018310547,11.857250213623047,30.381999969482422,23.51416778564453,32.3848762512207,35.0369987487793,19.233291625976563,134,39,2,99.549468994140625,84,9,10,63,1
Prosopis cineraria,24.546081,55.659862,2019-01-21,United Arab Emirates,NA,PRESERVED_SPECIMEN,27.635051727294922,13.932062149047852,45.85630416870117,647.600341796875,42.23925018310547,11.857250213623047,30.381999969482422,23.51416778564453,32.3848762512207,35.0369987487793,19.233291625976563,134,39,2,99.549468994140625,84,9,10,63,1
Prosopis cineraria,24.254303,54.610866,2019-02-14,United Arab Emirates,Abu Dhabi,HUMAN_OBSERVATION,NA,NA,NA,NA,NA,NA,NA,NA,NA,NA,NA,NA,NA,NA,NA,NA,NA,NA,NA,1
Prosopis cineraria,24.876509,55.577471,2019-02-03T17:14,United Arab Emirates,Dubay,HUMAN_OBSERVATION,27.351686477661133,13.971208572387695,46.78003692626953,626.04779052734375,41.79874801635742,11.932999610900879,29.86574935913086,20.15341567993164,32.04683303833008,34.54708480834961,19.266332626342773,140,39,2,94.3973159790039,84,10,14,66,1
Prosopis cineraria,24.894382,55.614666,2019-02-03T14:27,United Arab Emirates,Dubay,HUMAN_OBSERVATION,27.351686477661133,13.971208572387695,46.78003692626953,626.04779052734375,41.79874801635742,11.932999610900879,29.86574935913086,20.15341567993164,32.04683303833008,34.54708480834961,19.266332626342773,140,39,2,94.3973159790039,84,10,14,66,1
Prosopis cineraria,25.288944,56.248949,2019-04-16T06:54,United Arab Emirates,Sharjah,HUMAN_OBSERVATION,26.252134323120117,10.341562271118164,40.829345703125,566.9039306640625,38.329498291015625,13.000749588012695,25.32874870300293,19.58562469482422,27.194416046142578,32.51016616821289,18.871707916259766,207,47,3,81.74640655517578,112,15,37,92,1
Prosopis cineraria,25.255256,55.661062,2019-04-25T09:40,United Arab Emirates,Sharjah,HUMAN_OBSERVATION,27.176990509033203,13.724812507629395,46.75021743774414,612.57208251953125,41.48125076293945,12.123499870300293,29.357749938964844,20.123083114624023,31.913665771484375,34.2720832824707,19.32237434387207,133,39,1,103.7537841796875,85,6,8,72,1
Prosopis cineraria,25.289255,56.248777,2019-04-23T07:47,United Arab Emirates,Sharjah,HUMAN_OBSERVATION,26.252134323120117,10.341562271118164,40.829345703125,566.9039306640625,38.329498291015625,13.000749588012695,25.32874870300293,19.58562469482422,27.194416046142578,32.51016616821289,18.871707916259766,207,47,3,81.74640655517578,112,15,37,92,1
Prosopis cineraria,26.30401,73.023474,2019-04-11T07:26:36,India,Rajasthan,HUMAN_OBSERVATION,26.785614013671875,13.892021179199219,42.763755798339844,603.8599853515625,41.549251556396484,9.063750267028809,32.48550033569336,30.166166305541992,19.405624389648438,33.32512664794922,18.407583236694336,417,141,2,143.4311981201172,332,8,192,9,1
Prosopis cineraria,25.277049,55.695113,2019-05-07T09:00,United Arab Emirates,Sharjah,HUMAN_OBSERVATION,27.356082916259766,14.080792427062988,47.33755111694336,616.2421875,41.75825119018555,12.012749671936035,29.745502471923828,20.26941680908203,31.954750061035156,34.48225021362305,19.438791275024414,149,41,2,97.41207122802734,92,9,12,77,1
Prosopis cineraria,10.487811,34.277343,2019-05-31T22:39:23,Sudan,Blue Nile,HUMAN_OBSERVATION,NA,NA,NA,NA,NA,NA,NA,NA,NA,NA,NA,NA,NA,NA,NA,NA,NA,NA,NA,1
Prosopis cineraria,20.012954,75.586045,2019-06-14T13:20:01,India,Maharashtra,HUMAN_OBSERVATION,25.41779136657715,13.544833183288574,48.47958755493164,379.7603454589844,39.83250045776367,11.89324951171875,27.939250946044922,26.201541900634766,23.737041473388672,30.550125122070313,20.94037437438965,748,191,1,116.8543930053711,503,8,164,33,1
Prosopis cineraria,29.265392,47.840551,2019-08-09T08:23:19,Kuwait,Al Jahrah,HUMAN_OBSERVATION,NA,NA,NA,NA,NA,NA,NA,NA,NA,NA,NA,NA,NA,NA,NA,NA,NA,NA,NA,1
Prosopis cineraria,14.739316,77.45625,2019-09-08T14:39,India,Andhra Pradesh,HUMAN_OBSERVATION,NA,NA,NA,NA,NA,NA,NA,NA,NA,NA,NA,NA,NA,NA,NA,NA,NA,NA,NA,1
Prosopis cineraria,25.766384,55.930923,2019-11-04,United Arab Emirates,Ras al-Khaymah,MATERIAL_SAMPLE,27.561437606811523,11.70688247680664,43.417415618896484,595.1937255859375,40.41255187988281,13.44898796081543,26.963563919067383,20.634075164794922,34.41450881958008,34.41450881958008,19.947031021118164,142,41,0,115.85537719726563,99,1,1,92,1
Prosopis cineraria,25.766384,55.930925,2019-11-04,United Arab Emirates,NA,PRESERVED_SPECIMEN,27.561437606811523,11.70688247680664,43.417415618896484,595.1937255859375,40.41255187988281,13.44898796081543,26.963563919067383,20.634075164794922,34.41450881958008,34.41450881958008,19.947031021118164,142,41,0,115.85537719726563,99,1,1,92,1
Prosopis cineraria,27.811535,74.43454,2019-12-13T07:36,India,Rajasthan,HUMAN_OBSERVATION,25.733999252319336,15.307791709899902,43.879783630371094,681.2725830078125,40.98175048828125,6.0960001945495605,34.88574981689453,30.55329132080078,17.319374084472656,33.08158493041992,16.367916107177734,367,129,3,141.8838348388672,291,11,173,15,1
Prosopis cineraria,27.809588,74.460123,2019-12-14T09:26,India,Rajasthan,HUMAN_OBSERVATION,25.733999252319336,15.307791709899902,43.879783630371094,681.2725830078125,40.98175048828125,6.0960001945495605,34.88574981689453,30.55329132080078,17.319374084472656,33.08158493041992,16.367916107177734,367,129,3,141.8838348388672,291,11,173,15,1
Prosopis cineraria,11.209097,79.445076,2018-01-08,India,NA,HUMAN_OBSERVATION,NA,NA,NA,NA,NA,NA,NA,NA,NA,NA,NA,NA,NA,NA,NA,NA,NA,NA,NA,1
Prosopis cineraria,23.516715,58.665254,2018-02-15T23:19,Oman,Muscat,HUMAN_OBSERVATION,26.941917419433594,9.146566390991211,40.136940002441406,488.2220153808594,38.06760025024414,15.279199600219727,22.788400650024414,21.360599517822266,27.28499984741211,32.57426834106445,20.51026725769043,122,23,1,67.21391296386719,61,9,16,55,1
Prosopis cineraria,23.444363,58.214087,2018-02-21T20:31,Oman,Ad Dakhliyah,HUMAN_OBSERVATION,25.53692626953125,10.273604393005371,41.71175003051758,518.32977294921875,37.54624938964844,12.916250228881836,24.6299991607666,29.89533233642578,25.77391815185547,31.464332580566406,18.747041702270508,252,48,4,67.19673919677734,102,23,61,65,1
Prosopis cineraria,25.993231,50.583715,2018-05-29T00:36,Bahrain,Southern,HUMAN_OBSERVATION,NA,NA,NA,NA,NA,NA,NA,NA,NA,NA,NA,NA,NA,NA,NA,NA,NA,NA,NA,1
Prosopis cineraria,25.186084,55.328243,2018-10-29T07:24Z,United Arab Emirates,Dubay,HUMAN_OBSERVATION,27.414962768554688,11.28270149230957,42.78170394897461,584.6048583984375,40.30908966064453,13.936363220214844,26.372726440429688,20.560606002807617,34.1209602355957,34.1209602355957,19.94772720336914,106,35,0,115.61170196533203,73,2,2,62,1
Prosopis cineraria,24.876652,55.577931,2018-10-21T08:39:24,United Arab Emirates,Dubay,HUMAN_OBSERVATION,27.351686477661133,13.971208572387695,46.78003692626953,626.04779052734375,41.79874801635742,11.932999610900879,29.86574935913086,20.15341567993164,32.04683303833008,34.54708480834961,19.266332626342773,140,39,2,94.3973159790039,84,10,14,66,1
Prosopis cineraria,13.657921,76.072451,2017-02-27T09:23,India,Karnataka,HUMAN_OBSERVATION,NA,NA,NA,NA,NA,NA,NA,NA,NA,NA,NA,NA,NA,NA,NA,NA,NA,NA,NA,1
Prosopis cineraria,13.553348,76.011116,2017-02-27,India,NA,HUMAN_OBSERVATION,NA,NA,NA,NA,NA,NA,NA,NA,NA,NA,NA,NA,NA,NA,NA,NA,NA,NA,NA,1
Prosopis cineraria,25.170385,55.307478,2017-02-02T10:53Z,United Arab Emirates,Dubay,HUMAN_OBSERVATION,27.414962768554688,11.28270149230957,42.78170394897461,584.6048583984375,40.30908966064453,13.936363220214844,26.372726440429688,20.560606002807617,34.1209602355957,34.1209602355957,19.94772720336914,106,35,0,115.61170196533203,73,2,2,62,1
Prosopis cineraria,25.260852,55.665332,2017-03-08T09:24,United Arab Emirates,Sharjah,HUMAN_OBSERVATION,27.176990509033203,13.724812507629395,46.75021743774414,612.57208251953125,41.48125076293945,12.123499870300293,29.357749938964844,20.123083114624023,31.913665771484375,34.2720832824707,19.32237434387207,133,39,1,103.7537841796875,85,6,8,72,1
Prosopis cineraria,27.562521,75.3004,2017-04-09,India,NA,HUMAN_OBSERVATION,24.391374588012695,14.472458839416504,42.8813591003418,660.0399169921875,39.488250732421875,5.738249778747559,33.75,28.879125595092773,22.363082885742188,31.598833084106445,15.324333190917969,469,164,2,146.53823852539063,379,13,217,16,1
Prosopis cineraria,15.651597,74.953026,2017-04-15,India,NA,HUMAN_OBSERVATION,NA,NA,NA,NA,NA,NA,NA,NA,NA,NA,NA,NA,NA,NA,NA,NA,NA,NA,NA,1
Prosopis cineraria,26.06226,76.437653,2017-04-22,India,NA,HUMAN_OBSERVATION,25.737354278564453,13.565791130065918,40.377685546875,638.90496826171875,41.690250396728516,8.093000411987305,33.597251892089844,28.844749450683594,24.610624313354492,32.92079162597656,17.09575080871582,793,290,2,159.12391662597656,683,12,72,17,1
Prosopis cineraria,14.232145,77.617633,2017-09-07T15:53,India,Andhra Pradesh,HUMAN_OBSERVATION,NA,NA,NA,NA,NA,NA,NA,NA,NA,NA,NA,NA,NA,NA,NA,NA,NA,NA,NA,1
Prosopis cineraria,26.856603,55.999823,2016-05-08T15:26,Iran (Islamic Republic of),Hormozgan,HUMAN_OBSERVATION,26.739490509033203,9.804186820983887,39.76836395263672,576.046142578125,37.68656539916992,13.033332824707031,24.65323257446289,19.109785079956055,33.0247917175293,33.0247917175293,19.109785079956055,163,41,0,114.0116195678711,116,2,2,116,1
Prosopis cineraria,26.856467,55.999706,2016-05-08T15:28,Iran (Islamic Republic of),Hormozgan,HUMAN_OBSERVATION,26.739490509033203,9.804186820983887,39.76836395263672,576.046142578125,37.68656539916992,13.033332824707031,24.65323257446289,19.109785079956055,33.0247917175293,33.0247917175293,19.109785079956055,163,41,0,114.0116195678711,116,2,2,116,1
Prosopis cineraria,26.860619,56.001356,2016-05-08T16:48,Iran (Islamic Republic of),Hormozgan,HUMAN_OBSERVATION,26.764205932617188,9.665078163146973,39.39854049682617,577.83892822265625,37.59406280517578,13.0625,24.53156280517578,19.127708435058594,33.11166763305664,33.11166763305664,19.127708435058594,172,43,0,114.70352935791016,121,2,2,121,1
Prosopis cineraria,26.676708,55.447414,2016-05-08T11:02,Iran (Islamic Republic of),Hormozgan,HUMAN_OBSERVATION,26.95168685913086,9.906950950622559,40.009552001953125,580.67498779296875,38.05512237548828,13.293658256530762,24.761463165283203,19.317480087280273,32.09008026123047,33.31991958618164,19.317480087280273,155,38,0,116.40872955322266,112,1,1,112,1
Prosopis cineraria,19.909559,57.340586,2016-06-06T10:33,Oman,Al Wusta,HUMAN_OBSERVATION,NA,NA,NA,NA,NA,NA,NA,NA,NA,NA,NA,NA,NA,NA,NA,NA,NA,NA,NA,1
Prosopis cineraria,25.214369,55.591974,2016-11-07T11:52:54,United Arab Emirates,Sharjah,HUMAN_OBSERVATION,27.176990509033203,13.724812507629395,46.75021743774414,612.57208251953125,41.48125076293945,12.123499870300293,29.357749938964844,20.123083114624023,31.913665771484375,34.2720832824707,19.32237434387207,133,39,1,103.7537841796875,85,6,8,72,1
Prosopis cineraria,25.22,55.45,2015-02-18,United Arab Emirates,NA,MATERIAL_SAMPLE,27.32109260559082,12.483570098876953,44.91035461425781,597.59783935546875,40.90594482421875,13.109302520751953,27.796642303466797,20.387123107910156,34.21623611450195,34.21623611450195,19.676313400268555,114,37,0,114.9690933227539,78,3,3,66,1
Prosopis cineraria,25.012154,56.21084,2015-03-10T09:49:52,United Arab Emirates,Ras Al Khaymah,HUMAN_OBSERVATION,26.843334197998047,10.704000473022461,41.791683197021484,558.89691162109375,39.098751068115234,13.486000061035156,25.612751007080078,20.258209228515625,27.741958618164063,32.96970748901367,19.55525016784668,180,43,2,84.23283386230469,100,12,30,82,1
Prosopis cineraria,21.555,70.477,2015-03-25,India,Gujarat,MATERIAL_SAMPLE,26.496187210083008,11.5225830078125,50.3361930847168,336.593994140625,35.82374954223633,12.932499885559082,22.891250610351563,27.994749069213867,22.910083770751953,29.983415603637695,21.578874588012695,780,340,0,161.0265350341797,644,2,445,2,1
Prosopis cineraria,14.232145,77.617633,2015-10-30T11:47,India,Andhra Pradesh,HUMAN_OBSERVATION,NA,NA,NA,NA,NA,NA,NA,NA,NA,NA,NA,NA,NA,NA,NA,NA,NA,NA,NA,1
Prosopis cineraria,24.451478,54.368883,2014-04-18T16:55,United Arab Emirates,Abu Dhabi,HUMAN_OBSERVATION,NA,NA,NA,NA,NA,NA,NA,NA,NA,NA,NA,NA,NA,NA,NA,NA,NA,NA,NA,1
Prosopis cineraria,11.09225,76.801941,2014-05-04,India,NA,HUMAN_OBSERVATION,NA,NA,NA,NA,NA,NA,NA,NA,NA,NA,NA,NA,NA,NA,NA,NA,NA,NA,NA,1
Prosopis cineraria,21.466,70.571,2014-09-21,India,Gujarat,MATERIAL_SAMPLE,26.333051681518555,11.622187614440918,51.4284553527832,322.4864196777344,35.61024856567383,13.011500358581543,22.59874725341797,27.673542022705078,22.99820899963379,29.70104217529297,21.62558364868164,789,337,0,159.2468719482422,642,1,116,1,1
Prosopis cineraria,25.382239,56.262643,2014-11-04T10:37,United Arab Emirates,Fujayrah,HUMAN_OBSERVATION,26.267541885375977,10.180375099182129,40.47581100463867,569.43218994140625,38.20100021362305,13.049249649047852,25.151750564575195,19.57729148864746,27.241792678833008,32.5752067565918,18.85733413696289,211,48,2,83.7257080078125,117,14,36,98,1
Prosopis cineraria,29,71.82,2013-04-01,Pakistan,NA,PRESERVED_SPECIMEN,26.49609375,15.984436988830566,42.77831268310547,790.01544189453125,42.83824920654297,5.472499847412109,37.36574935913086,33.109458923339844,21.38941764831543,34.760292053222656,15.666041374206543,155,59,1,114.49787139892578,100,6,79,18,1
Prosopis cineraria,29.18,71.85,2013-04-01,Pakistan,NA,PRESERVED_SPECIMEN,25.924436569213867,15.456624984741211,41.837703704833984,793.68487548828125,42.173248291015625,5.229000091552734,36.94424819946289,32.65566635131836,20.803625106811523,34.27641677856445,15.102375030517578,142,53,1,110.34029388427734,90,7,70,20,1
Prosopis cineraria,26.279531,72.749196,2013-09-18T08:44:15,India,Rajasthan,HUMAN_OBSERVATION,26.900197982788086,14.637436866760254,43.916046142578125,600.28167724609375,41.96099853515625,8.630499839782715,33.33049774169922,30.230751037597656,19.520416259765625,33.35637664794922,18.542959213256836,360,123,2,140.62982177734375,284,8,161,9,1
Prosopis cineraria,27.810068,74.460459,2013-10-19T20:42,India,Rajasthan,HUMAN_OBSERVATION,25.733999252319336,15.307791709899902,43.879783630371094,681.2725830078125,40.98175048828125,6.0960001945495605,34.88574981689453,30.55329132080078,17.319374084472656,33.08158493041992,16.367916107177734,367,129,3,141.8838348388672,291,11,173,15,1
Prosopis cineraria,30.4,70.07,2012-02-16,Pakistan,Punjab,MATERIAL_SAMPLE,19.672061920166016,12.26300048828125,37.07718276977539,774.14666748046875,35.11899948120117,2.0447499752044678,33.074249267578125,28.09895896911621,15.354166984558105,28.09895896911621,9.329166412353516,317,83,4,91.11851501464844,179,20,179,44,1
Prosopis cineraria,30.4,70.07,2012-02-16,Pakistan,Punjab,MATERIAL_SAMPLE,19.672061920166016,12.26300048828125,37.07718276977539,774.14666748046875,35.11899948120117,2.0447499752044678,33.074249267578125,28.09895896911621,15.354166984558105,28.09895896911621,9.329166412353516,317,83,4,91.11851501464844,179,20,179,44,1
Prosopis cineraria,30.4,70.07,2012-02-16,Pakistan,Punjab,MATERIAL_SAMPLE,19.672061920166016,12.26300048828125,37.07718276977539,774.14666748046875,35.11899948120117,2.0447499752044678,33.074249267578125,28.09895896911621,15.354166984558105,28.09895896911621,9.329166412353516,317,83,4,91.11851501464844,179,20,179,44,1
Prosopis cineraria,30.4,70.07,2012-02-16,Pakistan,Punjab,MATERIAL_SAMPLE,19.672061920166016,12.26300048828125,37.07718276977539,774.14666748046875,35.11899948120117,2.0447499752044678,33.074249267578125,28.09895896911621,15.354166984558105,28.09895896911621,9.329166412353516,317,83,4,91.11851501464844,179,20,179,44,1
Prosopis cineraria,30.4,70.07,2012-02-16,Pakistan,Punjab,MATERIAL_SAMPLE,19.672061920166016,12.26300048828125,37.07718276977539,774.14666748046875,35.11899948120117,2.0447499752044678,33.074249267578125,28.09895896911621,15.354166984558105,28.09895896911621,9.329166412353516,317,83,4,91.11851501464844,179,20,179,44,1
Prosopis cineraria,25.589967,51.386933,2012-02-13T00:00,Qatar,NA,PRESERVED_SPECIMEN,NA,NA,NA,NA,NA,NA,NA,NA,NA,NA,NA,NA,NA,NA,NA,NA,NA,NA,NA,1
Prosopis cineraria,25.209557,55.646611,2012-10-02T18:19,United Arab Emirates,Sharjah,HUMAN_OBSERVATION,27.176990509033203,13.724812507629395,46.75021743774414,612.57208251953125,41.48125076293945,12.123499870300293,29.357749938964844,20.123083114624023,31.913665771484375,34.2720832824707,19.32237434387207,133,39,1,103.7537841796875,85,6,8,72,1
Prosopis cineraria,26.870798,75.809639,2010-03-28,India,NA,HUMAN_OBSERVATION,25.04510498046875,13.548291206359863,41.59490203857422,631.9945068359375,40.06650161743164,7.494500160217285,32.57200241088867,28.750333786010742,17.352540969848633,31.9042911529541,16.311540603637695,612,214,3,151.36993408203125,511,13,269,17,1
Prosopis cineraria,26.870798,75.809639,2009-04-05,India,NA,HUMAN_OBSERVATION,25.04510498046875,13.548291206359863,41.59490203857422,631.9945068359375,40.06650161743164,7.494500160217285,32.57200241088867,28.750333786010742,17.352540969848633,31.9042911529541,16.311540603637695,612,214,3,151.36993408203125,511,13,269,17,1
Prosopis cineraria,26.870798,75.809639,2009-05-05,India,NA,HUMAN_OBSERVATION,25.04510498046875,13.548291206359863,41.59490203857422,631.9945068359375,40.06650161743164,7.494500160217285,32.57200241088867,28.750333786010742,17.352540969848633,31.9042911529541,16.311540603637695,612,214,3,151.36993408203125,511,13,269,17,1
Prosopis cineraria,25.281944,55.696111,2009-05-11T00:00,United Arab Emirates,NA,PRESERVED_SPECIMEN,27.356082916259766,14.080792427062988,47.33755111694336,616.2421875,41.75825119018555,12.012749671936035,29.745502471923828,20.26941680908203,31.954750061035156,34.48225021362305,19.438791275024414,149,41,2,97.41207122802734,92,9,12,77,1
Prosopis cineraria,25.363333,55.538889,2009-06-17T00:00,United Arab Emirates,NA,PRESERVED_SPECIMEN,27.206878662109375,13.365346908569336,46.323394775390625,605.267578125,41.25251388549805,12.400251388549805,28.852262496948242,20.22365951538086,34.221065521240234,34.221065521240234,19.463693618774414,126,39,0,113.22575378417969,86,3,3,75,1
Prosopis cineraria,25.363333,55.538889,2009-06-17T00:00,United Arab Emirates,NA,PRESERVED_SPECIMEN,27.206878662109375,13.365346908569336,46.323394775390625,605.267578125,41.25251388549805,12.400251388549805,28.852262496948242,20.22365951538086,34.221065521240234,34.221065521240234,19.463693618774414,126,39,0,113.22575378417969,86,3,3,75,1
Prosopis cineraria,26.108875,73.080154,2007-02-20T00:00,India,NA,HUMAN_OBSERVATION,26.953697204589844,14.343396186828613,43.74787139892578,586.51727294921875,41.84524917602539,9.05875015258789,32.7864990234375,30.048707962036133,19.749916076660156,33.30524826049805,18.816665649414063,418,143,2,144.4700164794922,339,8,58,8,1
Prosopis cineraria,26.108875,73.080154,2007-02-22T00:00,India,NA,HUMAN_OBSERVATION,26.953697204589844,14.343396186828613,43.74787139892578,586.51727294921875,41.84524917602539,9.05875015258789,32.7864990234375,30.048707962036133,19.749916076660156,33.30524826049805,18.816665649414063,418,143,2,144.4700164794922,339,8,58,8,1
Prosopis cineraria,33.53872,72.51728,2005-11-13,Pakistan,Khyber Pakhtunkhwa,PRESERVED_SPECIMEN,21.623197555541992,14.067853927612305,38.240333557128906,791.3260498046875,39.66600036621094,2.878000020980835,36.788002014160156,28.840625762939453,17.022167205810547,30.328542709350586,11.21399974822998,624,153,8,81.67475891113281,333,44,304,119,1
Prosopis cineraria,25.1,55.2,2003-01,United Arab Emirates,Dubayy,PRESERVED_SPECIMEN,27.60400390625,12.717489242553711,45.18278884887695,602.88421630859375,41.33896255493164,13.192207336425781,28.14675521850586,20.58627700805664,34.521949768066406,34.521949768066406,19.872814178466797,105,34,0,113.12736511230469,71,3,3,59,1
Prosopis cineraria,14.280333,47.557028,2002-03-08,Yemen,NA,PRESERVED_SPECIMEN,NA,NA,NA,NA,NA,NA,NA,NA,NA,NA,NA,NA,NA,NA,NA,NA,NA,NA,NA,1
Prosopis cineraria,25.327713,55.951136,2001-12-06T10:03:16,United Arab Emirates,Sharjah,HUMAN_OBSERVATION,27.520885467529297,13.617979049682617,46.984474182128906,606.20904541015625,41.426998138427734,12.442999839782715,28.983997344970703,20.528749465942383,31.883583068847656,34.48287582397461,19.71637535095215,160,43,2,95.30500030517578,97,9,14,81,1
Prosopis cineraria,25.86877,56.215044,1998-03-15T12:00,Oman,Musandam,HUMAN_OBSERVATION,23.143760681152344,9.726479530334473,38.412696838378906,607.64056396484375,34.93825149536133,9.617250442504883,25.321001052856445,29.463499069213867,24.26187515258789,30.02025032043457,15.263916969299316,428,75,5,74.37493133544922,172,37,159,132,1
Prosopis cineraria,24.955348,55.80256,1995-02-05T12:00,United Arab Emirates,Sharjah,HUMAN_OBSERVATION,27.542186737060547,14.14608383178711,47.476051330566406,618.79803466796875,41.855751037597656,12.059499740600586,29.79625129699707,20.422000885009766,32.02491760253906,34.62575149536133,19.535167694091797,149,41,2,94.5710220336914,89,10,14,71,1
Prosopis cineraria,24.973667,55.77721,1995-02-02T12:00,United Arab Emirates,Sharjah,HUMAN_OBSERVATION,27.542186737060547,14.14608383178711,47.476051330566406,618.79803466796875,41.855751037597656,12.059499740600586,29.79625129699707,20.422000885009766,32.02491760253906,34.62575149536133,19.535167694091797,149,41,2,94.5710220336914,89,10,14,71,1
Prosopis cineraria,25.016302,55.639169,1995-02-05T12:00,United Arab Emirates,Sharjah,HUMAN_OBSERVATION,27.236936569213867,13.90512466430664,46.941490173339844,618.84521484375,41.61399841308594,11.99174976348877,29.622249603271484,20.112417221069336,31.951541900634766,34.37745666503906,19.273666381835938,137,39,2,98.42522430419922,84,8,12,68,1
Prosopis cineraria,25.109506,55.867756,1995-02-02T12:00,United Arab Emirates,Sharjah,HUMAN_OBSERVATION,27.473020553588867,13.540291786193848,46.674163818359375,605.96978759765625,41.417999267578125,12.407750129699707,29.010250091552734,20.476999282836914,31.77950096130371,34.399417877197266,19.647249221801758,159,43,2,94.63045501708984,96,10,15,78,1
Prosopis cineraria,19.016667,57.816667,1993-11-11,Oman,NA,PRESERVED_SPECIMEN,NA,NA,NA,NA,NA,NA,NA,NA,NA,NA,NA,NA,NA,NA,NA,NA,NA,NA,NA,1
Prosopis cineraria,23.566667,58.183333,1992-05-15,Oman,NA,PRESERVED_SPECIMEN,27.285186767578125,10.238432884216309,42.126739501953125,505.3353576660156,39.08955383300781,14.78567123413086,24.303882598876953,21.528209686279297,27.620746612548828,33.11144256591797,20.64890480041504,107,21,1,70.32035064697266,57,8,12,51,1
Prosopis cineraria,22.166667,59.166667,1991-07-22,Oman,Sharqiya,LIVING_SPECIMEN,27.588655471801758,11.342812538146973,49.531394958496094,424.8296203613281,39.01599884033203,16.11574935913086,22.900249481201172,22.888290405273438,27.643041610717773,32.559539794921875,21.953624725341797,160,25,4,51.210819244384766,60,16,44,48,1
Prosopis cineraria,22.166667,59.166667,1991-07-22,Oman,Sharqiya,LIVING_SPECIMEN,27.588655471801758,11.342812538146973,49.531394958496094,424.8296203613281,39.01599884033203,16.11574935913086,22.900249481201172,22.888290405273438,27.643041610717773,32.559539794921875,21.953624725341797,160,25,4,51.210819244384766,60,16,44,48,1
Prosopis cineraria,12.89657,44.97766,1989-01-04,Yemen,NA,PRESERVED_SPECIMEN,NA,NA,NA,NA,NA,NA,NA,NA,NA,NA,NA,NA,NA,NA,NA,NA,NA,NA,NA,1
Prosopis cineraria,12.80561,45.03287,1989-01-02,Yemen,NA,PRESERVED_SPECIMEN,NA,NA,NA,NA,NA,NA,NA,NA,NA,NA,NA,NA,NA,NA,NA,NA,NA,NA,NA,1
Prosopis cineraria,12.79813,45.03413,1989-01-02,Yemen,NA,PRESERVED_SPECIMEN,NA,NA,NA,NA,NA,NA,NA,NA,NA,NA,NA,NA,NA,NA,NA,NA,NA,NA,NA,1
Prosopis cineraria,12.89657,44.97766,1989-01-04,Yemen,NA,PRESERVED_SPECIMEN,NA,NA,NA,NA,NA,NA,NA,NA,NA,NA,NA,NA,NA,NA,NA,NA,NA,NA,NA,1
Prosopis cineraria,12.80561,45.03287,1989-01-02,Yemen,NA,PRESERVED_SPECIMEN,NA,NA,NA,NA,NA,NA,NA,NA,NA,NA,NA,NA,NA,NA,NA,NA,NA,NA,NA,1
Prosopis cineraria,40.439124,-79.947622,1989-08-15,United States of America,Pennsylvania,PRESERVED_SPECIMEN,NA,NA,NA,NA,NA,NA,NA,NA,NA,NA,NA,NA,NA,NA,NA,NA,NA,NA,NA,1
Prosopis cineraria,22.272644,73.187785,1988-10-20,India,NA,PRESERVED_SPECIMEN,27.352489471435547,13.573895454406738,47.69715881347656,399.91412353515625,40.545249938964844,12.086750030517578,28.458499908447266,28.478208541870117,27.231958389282227,32.22978973388672,21.947999954223633,891,337,0,154.1831512451172,752,3,106,5,1
Prosopis cineraria,27.156004,77.530861,1987-02-02,India,NA,PRESERVED_SPECIMEN,25.464197158813477,14.151021003723145,39.860347747802734,711.5531005859375,42.193748474121094,6.692249774932861,35.50149917602539,29.69966697692871,23.60824966430664,33.2066650390625,15.652666091918945,711,265,2,150.1803741455078,600,20,253,25,1
Prosopis cineraria,27.156004,77.530861,1987-02-02,India,NA,PRESERVED_SPECIMEN,25.464197158813477,14.151021003723145,39.860347747802734,711.5531005859375,42.193748474121094,6.692249774932861,35.50149917602539,29.69966697692871,23.60824966430664,33.2066650390625,15.652666091918945,711,265,2,150.1803741455078,600,20,253,25,1
Prosopis cineraria,23.666667,57.833333,1987-06-19,Oman,NA,LIVING_SPECIMEN,27.65390396118164,11.766034126281738,45.43536376953125,517.3946533203125,40.12405014038086,14.227848052978516,25.896202087402344,21.742826461791992,30.464908599853516,33.53269958496094,20.899085998535156,91,21,0,82.300201416015625,53,5,7,49,1
Prosopis cineraria,25.666667,56.333333,1987-07-07,Oman,NA,LIVING_SPECIMEN,24.33883285522461,9.634495735168457,38.88067626953125,587.91021728515625,35.91162872314453,11.131977081298828,24.779651641845703,17.453584671020508,25.436870574951172,30.934640884399414,16.70295524597168,342,60,4,73.39732360839844,151,27,107,122,1
Prosopis cineraria,21.633333,59.3,1986-01-16T00:00,Oman,NA,PRESERVED_SPECIMEN,27.35223960876465,11.230062484741211,51.79977798461914,358.8824462890625,38.23550033569336,16.555749893188477,21.679750442504883,23.362667083740234,27.51183319091797,31.511083602905273,22.503124237060547,105,16,1,53.046566009521484,42,10,28,35,1
Prosopis cineraria,21.8,59.283333,1986-01-18T00:00,Oman,NA,PRESERVED_SPECIMEN,27.258438110351563,11.611249923706055,51.73488998413086,383.842529296875,38.44575119018555,16.00200080871582,22.443750381469727,22.988332748413086,27.367332458496094,31.722999572753906,22.09783363342285,127,19,2,52.50768280029297,48,12,36,39,1
Prosopis cineraria,22.916667,59.316667,1986-01-18T00:00,Oman,NA,PRESERVED_SPECIMEN,26.41033935546875,9.396913528442383,42.3885498046875,465.8926086425781,37.46296310424805,15.29444408416748,22.16851806640625,31.21404266357422,26.612035751342773,31.80678939819336,20.273147583007813,185,33,2,65.00994110107422,71,17,40,57,1
Prosopis cineraria,22.491667,58.766667,1986-02-11T00:00,Oman,NA,PRESERVED_SPECIMEN,27.072124481201172,12.819624900817871,50.13933563232422,464.45037841796875,39.66474914550781,14.096750259399414,25.5679988861084,24.78733253479004,27.08591651916504,32.50149917602539,20.941999435424805,155,27,4,54.246700286865234,70,15,33,52,1
Prosopis cineraria,22.491667,58.766667,1986-02-11T00:00,Oman,NA,PRESERVED_SPECIMEN,27.072124481201172,12.819624900817871,50.13933563232422,464.45037841796875,39.66474914550781,14.096750259399414,25.5679988861084,24.78733253479004,27.08591651916504,32.50149917602539,20.941999435424805,155,27,4,54.246700286865234,70,15,33,52,1
Prosopis cineraria,22.308976,73.188035,1986-10-01,India,NA,PRESERVED_SPECIMEN,27.352489471435547,13.573895454406738,47.69715881347656,399.91412353515625,40.545249938964844,12.086750030517578,28.458499908447266,28.478208541870117,27.231958389282227,32.22978973388672,21.947999954223633,891,337,0,154.1831512451172,752,3,106,5,1
Prosopis cineraria,25.85,56.25,1985-04-26,Oman,Musandam,PRESERVED_SPECIMEN,23.143760681152344,9.726479530334473,38.412696838378906,607.64056396484375,34.93825149536133,9.617250442504883,25.321001052856445,29.463499069213867,24.26187515258789,30.02025032043457,15.263916969299316,428,75,5,74.37493133544922,172,37,159,132,1
Prosopis cineraria,16.933333,55.533333,1984-09-28,Oman,Dhofar,PRESERVED_SPECIMEN,NA,NA,NA,NA,NA,NA,NA,NA,NA,NA,NA,NA,NA,NA,NA,NA,NA,NA,NA,1
Prosopis cineraria,27.162518,77.524298,1984-10,India,Rajasthan,PRESERVED_SPECIMEN,25.464197158813477,14.151021003723145,39.860347747802734,711.5531005859375,42.193748474121094,6.692249774932861,35.50149917602539,29.69966697692871,23.60824966430664,33.2066650390625,15.652666091918945,711,265,2,150.1803741455078,600,20,253,25,1
Prosopis cineraria,21.178418,72.658786,1978-03-12,India,NA,PRESERVED_SPECIMEN,27.12240219116211,11.870604515075684,49.929656982421875,320.7297668457031,36.97260284423828,13.197945594787598,23.774658203125,28.972259521484375,26.92568588256836,30.671804428100586,22.497488021850586,960,340,0,146.33950805664063,772,3,201,4,1
Prosopis cineraria,22.266911,73.149154,1978-03-13,India,NA,PRESERVED_SPECIMEN,27.10127067565918,13.323708534240723,47.133949279785156,406.3389587402344,40.04875183105469,11.781000137329102,28.267751693725586,28.404916763305664,26.839542388916016,31.939292907714844,21.533166885375977,830,310,0,153.28311157226563,701,3,98,5,1
Prosopis cineraria,23.116672,70.028102,1978-03-06,India,NA,PRESERVED_SPECIMEN,27.088272094726563,13.414223670959473,48.680946350097656,415.1189270019531,38.74160385131836,11.1862154006958,27.555389404296875,29.000041961669922,26.39093589782715,31.388763427734375,21.066875457763672,383,182,1,167.8399200439453,325,3,41,4,1
Prosopis cineraria,25.116667,70.25,1977-02,Pakistan,Sindh,PRESERVED_SPECIMEN,27.06368637084961,16.72333335876465,48.42535400390625,549.71026611328125,42.013999938964844,7.479750156402588,34.53424835205078,30.256000518798828,20.159873962402344,32.70333480834961,19.243000030517578,266,105,1,150.8472442626953,226,6,126,6,1
Prosopis cineraria,25.116667,70.25,1977-02,Pakistan,Sindh,PRESERVED_SPECIMEN,27.06368637084961,16.72333335876465,48.42535400390625,549.71026611328125,42.013999938964844,7.479750156402588,34.53424835205078,30.256000518798828,20.159873962402344,32.70333480834961,19.243000030517578,266,105,1,150.8472442626953,226,6,126,6,1
Prosopis cineraria,21.21888,72.796076,1977-08-07,India,NA,PRESERVED_SPECIMEN,27.142770767211914,12.21079158782959,50.60943603515625,313.3230285644531,37.19874954223633,13.071249961853027,24.127498626708984,28.920499801635742,24.200292587280273,30.736831665039063,22.671709060668945,1070,390,0,148.49989318847656,861,3,210,3,1
Prosopis cineraria,33.488792,73.038885,1976-05,Pakistan,Punjab,PRESERVED_SPECIMEN,21.649978637695313,14.063582420349121,38.89265441894531,774.10516357421875,39.23149871826172,3.071500062942505,36.15999984741211,28.467498779296875,16.965791702270508,30.004417419433594,11.408166885375977,820,222,10,95.42115783691406,484,53,261,131,1
Prosopis cineraria,33.488792,73.038885,1976-05,Pakistan,Punjab,PRESERVED_SPECIMEN,21.649978637695313,14.063582420349121,38.89265441894531,774.10516357421875,39.23149871826172,3.071500062942505,36.15999984741211,28.467498779296875,16.965791702270508,30.004417419433594,11.408166885375977,820,222,10,95.42115783691406,484,53,261,131,1
Prosopis cineraria,33.488792,73.038885,1976-05,Pakistan,Punjab,PRESERVED_SPECIMEN,21.649978637695313,14.063582420349121,38.89265441894531,774.10516357421875,39.23149871826172,3.071500062942505,36.15999984741211,28.467498779296875,16.965791702270508,30.004417419433594,11.408166885375977,820,222,10,95.42115783691406,484,53,261,131,1
Prosopis cineraria,33.488792,73.038885,1976-05,Pakistan,Punjab,PRESERVED_SPECIMEN,21.649978637695313,14.063582420349121,38.89265441894531,774.10516357421875,39.23149871826172,3.071500062942505,36.15999984741211,28.467498779296875,16.965791702270508,30.004417419433594,11.408166885375977,820,222,10,95.42115783691406,484,53,261,131,1
Prosopis cineraria,28.1,57.433333,1975-05-06,Iran (Islamic Republic of),Kerman,PRESERVED_SPECIMEN,22.524490356445313,9.957645416259766,35.2554817199707,696.81927490234375,35.88174819946289,7.637499809265137,28.244247436523438,14.673291206359863,23.38683319091797,30.713207244873047,13.590791702270508,241,52,4,79.48175811767578,136,21,30,113,1
Prosopis cineraria,28.1,57.433333,1975-05-05T00:00,Iran (Islamic Republic of),NA,PRESERVED_SPECIMEN,22.524490356445313,9.957645416259766,35.2554817199707,696.81927490234375,35.88174819946289,7.637499809265137,28.244247436523438,14.673291206359863,23.38683319091797,30.713207244873047,13.590791702270508,241,52,4,79.48175811767578,136,21,30,113,1
Prosopis cineraria,21.452749,72.994537,1974-02-13,India,NA,PRESERVED_SPECIMEN,27.18330192565918,12.779104232788086,51.02507781982422,320.7908935546875,37.7400016784668,12.695250511169434,25.044750213623047,28.04045867919922,27.161874771118164,30.948375701904297,22.674291610717773,1005,367,0,148.88705444335938,797,1,169,3,1
Prosopis cineraria,24.069116,73.060106,1970-03-18,India,NA,PRESERVED_SPECIMEN,26.517322540283203,13.551021575927734,44.52299880981445,475.5295104980469,41.25400161743164,10.817999839782715,30.43600082397461,27.90416717529297,26.38854217529297,32.38233184814453,20.1738338470459,779,310,1,159.10536193847656,681,4,70,6,1
Prosopis cineraria,26.115455,80.51884,1970-03-18,India,NA,PRESERVED_SPECIMEN,25.646032333374023,13.060562133789063,38.92923355102539,650.70526123046875,41.9787483215332,8.42924976348877,33.54949951171875,29.144790649414063,29.704124450683594,32.87812423706055,16.917041778564453,990,348,2,143.89256286621094,806,19,70,47,1
Prosopis cineraria,26.115455,80.51884,1970-03-18,India,NA,PRESERVED_SPECIMEN,25.646032333374023,13.060562133789063,38.92923355102539,650.70526123046875,41.9787483215332,8.42924976348877,33.54949951171875,29.144790649414063,29.704124450683594,32.87812423706055,16.917041778564453,990,348,2,143.89256286621094,806,19,70,47,1
Prosopis cineraria,29.476244,-98.559082,1970-09-04,United States of America,Texas,PRESERVED_SPECIMEN,NA,NA,NA,NA,NA,NA,NA,NA,NA,NA,NA,NA,NA,NA,NA,NA,NA,NA,NA,1
Prosopis cineraria,15.536179,78.431298,1969-02-11,India,NA,PRESERVED_SPECIMEN,NA,NA,NA,NA,NA,NA,NA,NA,NA,NA,NA,NA,NA,NA,NA,NA,NA,NA,NA,1
Prosopis cineraria,15.536179,78.431298,1969-02-11,India,NA,PRESERVED_SPECIMEN,NA,NA,NA,NA,NA,NA,NA,NA,NA,NA,NA,NA,NA,NA,NA,NA,NA,NA,NA,1
Prosopis cineraria,24.069116,73.060106,1969-10-31,India,NA,PRESERVED_SPECIMEN,26.517322540283203,13.551021575927734,44.52299880981445,475.5295104980469,41.25400161743164,10.817999839782715,30.43600082397461,27.90416717529297,26.38854217529297,32.38233184814453,20.1738338470459,779,310,1,159.10536193847656,681,4,70,6,1
Prosopis cineraria,22.307159,73.181219,1957-09-21,India,NA,PRESERVED_SPECIMEN,27.352489471435547,13.573895454406738,47.69715881347656,399.91412353515625,40.545249938964844,12.086750030517578,28.458499908447266,28.478208541870117,27.231958389282227,32.22978973388672,21.947999954223633,891,337,0,154.1831512451172,752,3,106,5,1
Prosopis cineraria,27.364386,76.412273,NA,India,Rajasthan,PRESERVED_SPECIMEN,24.238832473754883,13.005999565124512,40.08907699584961,645.88018798828125,39.22975158691406,6.7870001792907715,32.442752838134766,28.21912384033203,16.383541107177734,31.322542190551758,15.374125480651855,743,251,5,145.0115203857422,621,19,290,25,1
Prosopis cineraria,22.883478,79.616202,NA,India,NA,PRESERVED_SPECIMEN,25.3158016204834,13.085896492004395,41.00651168823242,524.833740234375,41.80950164794922,9.897749900817871,31.91175079345703,26.422542572021484,30.162416458129883,32.13691711425781,18.76787567138672,1102,328,7,136.0708465576172,875,34,124,41,1
Prosopis cineraria,22.883478,79.616202,NA,India,NA,PRESERVED_SPECIMEN,25.3158016204834,13.085896492004395,41.00651168823242,524.833740234375,41.80950164794922,9.897749900817871,31.91175079345703,26.422542572021484,30.162416458129883,32.13691711425781,18.76787567138672,1102,328,7,136.0708465576172,875,34,124,41,1
Prosopis cineraria,11,77,NA,India,NA,HUMAN_OBSERVATION,NA,NA,NA,NA,NA,NA,NA,NA,NA,NA,NA,NA,NA,NA,NA,NA,NA,NA,NA,1
Prosopis cineraria,10.5,79.5,NA,India,NA,HUMAN_OBSERVATION,NA,NA,NA,NA,NA,NA,NA,NA,NA,NA,NA,NA,NA,NA,NA,NA,NA,NA,NA,1
Prosopis cineraria,23.5863,81.173004,NA,India,NA,MATERIAL_SAMPLE,25.253665924072266,12.494166374206543,39.063499450683594,562.5008544921875,41.471500396728516,9.487250328063965,31.984249114990234,27.06016731262207,30.049917221069336,32.3026237487793,18.12962532043457,1086,353,5,143.1595458984375,872,29,116,47,1
Prosopis cineraria,17.50263,78.38629,NA,India,NA,HUMAN_OBSERVATION,NA,NA,NA,NA,NA,NA,NA,NA,NA,NA,NA,NA,NA,NA,NA,NA,NA,NA,NA,1
Prosopis cineraria,26.63044,75.01944,NA,India,NA,HUMAN_OBSERVATION,25.780208587646484,14.596416473388672,43.29706954956055,622.734130859375,41.05500030517578,7.342750072479248,33.712249755859375,29.213916778564453,24.36750030517578,32.59483337402344,17.199125289916992,454,171,1,156.42520141601563,392,8,187,10,1
Prosopis cineraria,17.50263,78.38629,NA,India,NA,HUMAN_OBSERVATION,NA,NA,NA,NA,NA,NA,NA,NA,NA,NA,NA,NA,NA,NA,NA,NA,NA,NA,NA,1
Prosopis cineraria,17.50263,78.38629,NA,India,NA,HUMAN_OBSERVATION,NA,NA,NA,NA,NA,NA,NA,NA,NA,NA,NA,NA,NA,NA,NA,NA,NA,NA,NA,1
Prosopis cineraria,18.515298,73.847797,1999/2000,India,Maharashtra,HUMAN_OBSERVATION,NA,NA,NA,NA,NA,NA,NA,NA,NA,NA,NA,NA,NA,NA,NA,NA,NA,NA,NA,1
Prosopis cineraria,23.583333,58.5,NA,Oman,NA,PRESERVED_SPECIMEN,26.941917419433594,9.146566390991211,40.136940002441406,488.2220153808594,38.06760025024414,15.279199600219727,22.788400650024414,21.360599517822266,27.28499984741211,32.57426834106445,20.51026725769043,122,23,1,67.21391296386719,61,9,16,55,1
Prosopis cineraria,20.353,74.232,2020-06-01/2022-01-31,India,Maharashtra,PRESERVED_SPECIMEN,25.0064697265625,14.112520217895508,51.50978088378906,337.11627197265625,38.535499572753906,11.137749671936035,27.397750854492188,24.97479248046875,22.91866683959961,29.481250762939453,20.941041946411133,572,149,0,109.14996337890625,364,5,115,6,1
Prosopis cineraria,17.50274,78.38659,NA,India,NA,HUMAN_OBSERVATION,NA,NA,NA,NA,NA,NA,NA,NA,NA,NA,NA,NA,NA,NA,NA,NA,NA,NA,NA,1
Prosopis cineraria,18.27819,74.3177,NA,India,NA,HUMAN_OBSERVATION,NA,NA,NA,NA,NA,NA,NA,NA,NA,NA,NA,NA,NA,NA,NA,NA,NA,NA,NA,1
Prosopis cineraria,17.50235,78.39071,NA,India,NA,HUMAN_OBSERVATION,NA,NA,NA,NA,NA,NA,NA,NA,NA,NA,NA,NA,NA,NA,NA,NA,NA,NA,NA,1
Prosopis cineraria,17.50277,78.38661,NA,India,NA,HUMAN_OBSERVATION,NA,NA,NA,NA,NA,NA,NA,NA,NA,NA,NA,NA,NA,NA,NA,NA,NA,NA,NA,1
